"name","description_oz","description_ku","img","seo_url","description"
"Altınoran SHIELD: Elmas Katkılı Carnauba Wax & Seramik wax ile Üstün Boya Koruma 200 GR","<h2>Elmas Katkılı Carnauba Wax ile Boyanıza Zırh Kazandırın!</h2><p>
Altınoran SHIELD <strong>Elmas Katkılı Carnauba Wax</strong> ile tanışın. Bu premium <strong>pasta cila</strong>, 
aracınıza sıradan cilaların ötesinde, çizilmelere karşı ekstra direnç, uzun süreli <strong>boya koruma</strong> ve göz alıcı, 
cam gibi bir <strong>parlaklık</strong> sunar. Üstün <strong>su iticilik</strong> özelliğiyle aracınızın temiz kalmasına yardımcı 
olur.</p>', '<p>Otomobil tutkunları ve premium araç sahipleri için özel olarak geliştirilen <strong>Altınoran SHIELD</strong>, 
sıradan bir <strong>pasta cila</strong> veya <strong>araba cilası</strong> değildir. Bu, aracınızın boyasına elmas sertliğinde 
koruma ve benzersiz bir parlaklık kazandıran, <strong>Carnauba Wax</strong> bazlı, devrim niteliğinde bir formüldür. Aracınıza
 hak ettiği değeri ve korumayı verin.</p><h3>Gerçek Elmas Tozu ile Zırhlanmış Koruma</h3><p>Altınoran SHIELD\'in kalbinde yatan
  <strong>Elmas Katkılı Teknoloji</strong>, onu piyasadaki diğer wax ürünlerinden ayırır. Gerçek elmas tozu içeren bu özel formül
  , uygulandığı yüzeyde inanılmaz bir sertlik oluşturarak aracınızı dış etkenlere ve mikro çizilmelere karşı ekstra dayanıklı 
  hale getirir. Bu sadece bir <strong>boya koruma</strong> değil, aracınız için adeta bir zırhtır! Sonuç: Sadece koruma değil, 
  aynı zamanda derin, <strong>cam gibi parlaklık</strong>.</p><p>&nbsp;
  <img src=\""images/placeholder-elmas-parlaklik.webp\"" alt=\""Elmas katkılı carnauba wax parlaklığı\""> 
  Elmas Katkılı Koruma ve Parlaklık</p><h3>Saf Brezilya Carnauba Wax Özü: Doğal Güzellik ve Dayanıklılık</h3>
  <p>Doğanın en sert ve en parlak doğal wax\'ı olan saf Brezilya <strong>Carnauba Wax</strong>, Altınoran SHIELD\'in temelini 
  oluşturur. Bu <strong>kaliteli wax</strong>, aracınıza sadece göz alıcı bir derinlik ve sıcak bir parlaklık katmakla kalmaz, 
  aynı zamanda UV ışınlarına ve zorlu hava koşullarına karşı <strong>uzun süreli koruma</strong> sağlar. Doğal ve 
  <strong>premium</strong> bir bakım arayanlar için idealdir.</p><h3>Altınoran SHIELD Carnauba Wax\'ın Öne Çıkan Özellikleri:</h3>
  <p>Çizilmelere Karşı Üstün Direnç</p><p><strong>Elmas katkılı</strong> yapısı sayesinde, taş sıçramaları, fırça 
  izleri gibi dış etkenlerden kaynaklanabilecek mikro çiziklere karşı benzersiz bir kalkan oluşturur. Aracınızın boyası daha uzun
   süre kusursuz kalır.</p><p>Ultra Hidrofobik (Su İtici) Etki</p><p>Yüzeyde oluşturduğu pürüzsüz katman sayesinde suyu ve kiri 
   iter. Yağmur damlaları boncuk boncuk akar, çamur ve kir yüzeye tutunamaz. Bu sayede aracınız daha uzun süre temiz kalır ve 
   yıkanması kolaylaşır. Gerçek <strong>su itici cila</strong> etkisi!</p><p>&nbsp;
   <img src=\""images/placeholder-su-iticilik.webp\"" alt=\""Carnauba wax su iticilik etkisi\""></p>
   <p>Göz Alıcı Cam Parlaklığı ve Derinlik</p><p>Aracınıza sıradan cilaların veremeyeceği, showroom parlaklığında,
    <strong>cam gibi bir yansıma</strong> kazandırır. Boyanın renk derinliğini artırır ve doğal canlılığını ortaya çıkarır. 
    En iyi <strong>parlatıcı cila</strong> deneyimlerinden birini yaşayın.</p><p>&nbsp;
    <img src=\""images/placeholder-cam-parlaklik.webp\"" alt=\""Pasta cila sonrası cam gibi parlaklık\""></p><p>Kolay Uygulama ve Temizlik</p><p><strong>Kolay uygulanan cila</strong> formülü sayesinde, profesyonel olmasanız bile rahatça uygulayabilirsiniz. Hızlı kurur ve uygulama sonrası fazla wax kalıntıları mikrofiber bez ile zahmetsizce silinir.</p><p>Güçlü UV Koruması</p><p>Güneşin zararlı UV ışınlarına karşı etkili bir bariyer oluşturarak boyanın zamanla solmasını ve matlaşmasını engeller. Aracınızın rengi ilk günkü canlılığını korur.</p><p>Her Mevsim Dayanıklılık</p><p>Aşırı sıcak, soğuk, nem gibi zorlu hava koşullarına karşı aracınızın boyasını korur. Dört mevsim boyunca güvenilir <strong>boya koruma</strong> sağlar.</p><h3>Neden Altınoran SHIELD?</h3><p>Eğer siz de aracınız için sadece bir <strong>pasta cila</strong> değil, gerçek bir yatırım arıyorsanız, Altınoran SHIELD <strong>Elmas Katkılı Carnauba Wax</strong> tam size göre. Hem eşsiz bir koruma kalkanı oluşturun hem de aracınızın estetiğini zirveye taşıyın. Bu <strong>premium oto cila</strong> ile farkı ilk uygulamada hissedeceksiniz.</p><p><strong>Şimdi sipariş verin ve aracınıza elmas değerinde bir koruma kazandırın!</strong></p>
    
","    <h3>Altınoran SHIELD Elmas Katkılı Carnauba Wax Nasıl Uygulanır?</h3><p>Altınoran SHIELD <strong>Elmas Katkılı Carnauba Wax</strong>\'tan maksimum performans almak ve aracınıza en iyi <strong>boya koruma</strong> ile göz alıcı <strong>parlaklığı</strong> kazandırmak için aşağıdaki adımları takip edin:</p><p>1. Hazırlık: Kusursuz Başlangıç</p><p>Aracınızı detaylıca yıkayın ve kurulayın. Yüzeyin toz, kir ve diğer kalıntılardan tamamen arınmış olması, <strong>SHIELD Carnauba Wax</strong> uygulamasının etkinliği ve <strong>wax</strong>\'ın yüzeye tutunması için kritiktir. Temiz bir yüzey, en iyi sonuçların anahtarıdır!</p><p>2. Uygulama: Elmas Dokunuşu</p><p>Kutunuzdan çıkan özel Hediye <strong>uygulama süngeri</strong> üzerine az miktarda Altınoran SHIELD <strong>Carnauba Wax</strong> alın (Çok az ürün yeterlidir!). Aracınızın boyasına, panel panel (örneğin kaput, sonra çamurluk vb.) olacak şekilde, dairesel veya düz hareketlerle bastırmadan, ince ve homojen bir katman halinde yayın. <strong>Elmas katkılı</strong> formülün yüzeye eşit dağıldığından emin olun. Gölgede ve serin yüzeye uygulama yapmanız tavsiye edilir.</p><p>3. Bekleme: Korumanın Aktifleşmesi</p><p>Ürünü tüm panele uyguladıktan sonra, <strong>wax</strong>\'ın yüzeyde kuruması, kürleşmesi ve <strong>elmas korumasının</strong> tam olarak aktifleşmesi için ortam sıcaklığına ve nem oranına bağlı olarak <strong>30 ila 45 dakika</strong> bekleyin. Yüzeyde hafif puslu, mat bir görünüm oluşacaktır. Parmak testi ile kuruluğu kontrol edebilirsiniz; parmağınız temiz bir şekilde kayıyorsa silmeye hazırdır.</p><p>4. Silme ve Parlatma: Göz Alıcı Sonuç</p><p>Bekleme süresi sonunda, yine Hediye gönderdiğimiz yüksek kaliteli, temiz ve kuru <strong>mikrofiber bez</strong> ile yüzeyi nazikçe silin. Fazla bastırmanıza gerek yoktur. Bez ile puslu wax kalıntılarını aldıkça, altından çıkan derin, <strong>cam gibi parlaklığı</strong>, pürüzsüz yüzeyi ve mükemmel <strong>su iticilik</strong> etkisini hayranlıkla izleyeceksiniz. İşte Altınoran SHIELD farkıyla <strong>premium oto cila</strong> deneyimi!</p><p><strong>Önemli İpuçları:</strong> Direkt güneş ışığı altında veya sıcak yüzeylere uygulama yapmaktan kaçının. Ürünü plastik veya kauçuk yüzeylere sürmeyiniz. Her zaman temiz sünger ve bez kullanın.</p>","images/pro-q45kfuXg.webp","altinoran-shield-elmas-katkili-carnauba-wax-seramik-wax-ile-ustun-boya-koruma-200-gr","Aracınıza Elmas Katkılı Zırh! ✨ Altınoran SHIELD Carnauba Wax & Seramik wax, premium pasta cila ile üstün boya koruma, cam parlaklığı ve su iticilik sağlar. Farkı keşfedin!"
"Altın Oran Nano lastik parlatıcı ve Plastik Yenileyici 500 ml","<h2>Altın Oran Nano Lastik Parlatıcı ve Plastik Yenileyici 500 ml</h2><p><strong>Altın Oran Nano Lastik Parlatıcı ve Plastik Yenileyici 500 ml</strong>, aracınızın lastiklerini ve plastik aksamlarını üstün kalitesiyle korumak, yenilemek ve parlatmak için özel olarak tasarlanmıştır.</p><p><img src=""https://marketplace-single-product-images.oss-eu-central-1.aliyuncs.com/prod/115573/60b1f234-9357-4113-b48d-1c5477e60da9/pro-ufY3AssX.jpeg"" alt=""Lastik parlatıcı uygulaması öncesi ve sonrası - Altın Oran""> <img src=""https://marketplace-single-product-images.oss-eu-central-1.aliyuncs.com/prod/115573/042b5316-0e2d-4820-8359-20fd506c01a3/pro-uYM213Ed.jpeg"" alt=""Lastik parlatıcı uygulaması genel görünüm - Altın Oran""></p><h3>Özellikleri</h3><ul><li><strong>Özel Jel Formül:</strong> Diğer silikon içerikli ürünlerden farklı olarak, <i>Altın Oran</i> kalitesiyle jel formunda üretilmiştir ve lastiklere yoğun siyah parlaklık kazandırır.</li><li><strong>Temizlik, Bakım ve Koruma:</strong> Lastiklerin ve plastik yüzeylerin derinlemesine temizlenmesine yardımcı olur; aynı zamanda bakım yaparak uzun süreli koruma sağlar.</li><li><strong>Sararmayı ve Solmayı Önler:</strong> Lastiklerin zaman içinde renginin solmasını, sararmasını önleyerek ilk günkü siyah parlak görünümünü korumasına destek olur.</li><li><strong>Kolay Uygulama:</strong> Özel formülü sayesinde yüzeye eşit şekilde dağılır, leke bırakmaz ve pratik bir kullanım sunar.</li></ul><h3>Neden Altın Oran Nano Lastik Parlatıcı ve Plastik Yenileyici?</h3><p><strong>Altın Oran</strong> kalitesiyle geliştirilen bu ürün, aracınızın <strong>lastik</strong> ve <strong>plastik yüzeylerini</strong> yenilerken aynı zamanda canlı ve göz alıcı bir parlaklık kazandırır. Uzun süreli koruma sağlayarak düzenli bakım ihtiyacını en aza indirir ve masraflarınızı düşürür.</p>","<h3>Kullanım Önerileri</h3><ol><li>Ürünü kullanmadan önce yüzeydeki kaba kirleri temizleyin.</li><li>Temiz ve kuru bir beze ya da süngere yeterli miktarda jel uygulayın.</li><li>Lastik veya plastik yüzeye dairesel hareketlerle eşit biçimde yayın.</li><li>Gerektiğinde temiz bir bezle fazlalığı alın ve yüzeyin kurumasını bekleyin.</li></ol><p>Düzenli kullanımda, <strong>Altın Oran Nano Lastik Parlatıcı ve Plastik Yenileyici 500 ml</strong> aracınızın lastik ve plastik aksamlarını ilk günkü görünümüne kavuşturur ve bakım maliyetlerinizi düşürür.</p>","images/67b847323aafe.jpg","altin-oran-nano-lastik-parlatici-ve-plastik-yenileyici-500-ml","Altınoran Torpido Parlatıcı & Plastik Yenileyici ile solmuş iç/dış plastiklere & torpidoya son! ✨ Derin parlaklık, UV koruma & yenileme. Anti-statik, çizik görünümünü azaltır. Hemen alın"
"Altınoran Çok Amaçlı Etiket Sökücü (Bant & Yapıştırıcı Kalıntı Giderici) 500ml","<p><strong>En zorlu etiket ve bant izlerini zahmetsizce ortadan kaldırın!</strong> Altınoran Etiket ve Bant Kalıntıları Sökücü Sprey, özel geliştirilmiş güçlü formülü sayesinde kağıt etiketlerden kuvvetli yapıştırıcı kalıntılarına kadar her türlü izi hızlıca çözer. <strong>Cam, plastik, metal, ahşap ve boyalı yüzeylerde</strong> güvenle kullanılabilir; yüzeylere <strong>asla zarar vermez</strong>​. Spreyi yapışkan bölgeye püskürtün, birkaç dakika bekleyin ve temiz bir bezle silin – geride <strong>hiçbir kalıntı veya leke bırakmadan</strong> pırıl pırıl bir sonuç elde edeceksiniz​. 500 ml’lik ekonomik boyu ile evde, ofiste veya araç bakımında uzun süreli kullanım sunar. <strong>Hızlı etki eden</strong> formülü sayesinde etiketi kazıma veya ovalama derdine son verir, zamandan tasarruf etmenizi sağlar. Altınoran etiket sökücü sprey ile mobilyalardaki fiyat etiketleri, araçlardaki sticker’lar, camdaki bant izleri artık sorun olmaktan çıkacak – <i>tek püskürtme ile tertemiz yüzeyler</i> elde edeceksiniz!</p>","<ol><li>Ürünü yapışkan veya bant izinin olduğu bölgeye püskürtün.</li><li>Yüzeyde birkaç dakika bekletin.</li><li>Yumuşayan kalıntıları bir bezle veya spatula yardımıyla temizleyin.</li><li>Gerekirse işlemi tekrarlayın.</li></ol>","images/66f126ce3e5e8.jpg","altinoran-cok-amacli-etiket-sokucu-bant-yapistirici-kalinti-giderici-500ml","Altınoran Etiket ve Bant Kalıntıları Sökücü ile yapışkan izlerini, bant yapışkanlarını ve camdaki bant kalıntılarını kolayca temizleyin."
"Altın Oran Sio3 Pro Seramik wax & Carnauba wax Krem Cila (Boya Koruma & Çizik Giderici) 9H 200gr","<h2>Altın Oran Sio3 Pro Hibrit Cila Özellikleri ve Faydaları:</h2>
<ul>
    <li><strong>Hibrit Teknoloji Mükemmelliği:</strong> Doğal <strong>Carnauba Wax</strong>'ın sağladığı derin, ıslak görünüm ile <strong>Seramik Wax</strong> (SiO3 katkılı) teknolojisinin getirdiği dayanıklılığı ve korumayı birleştirir. Bu sayede hem göz alıcı bir <strong>araba parlatıcı cila</strong> hem de güçlü bir <strong>oto boya koruma</strong> ürünüdür.</li>
    <li><strong>Gelişmiş Hidrofobik Etki:</strong> Uygulandığı yüzeyde olağanüstü bir su iticilik sağlar. Suyun boncuklanarak akıp gitmesini sağlayarak kirlenmeyi geciktirir ve <strong>araç yıkama</strong> işlemini kolaylaştırır.</li>
    <li><strong>Uzun Süreli Boya Koruma (9H):</strong> Aracınızın boyasını güneşin zararlı UV ışınlarına (<strong>araç güneş yanığı</strong> oluşumuna karşı), asit yağmurlarına, kuş pisliklerine, ağaç reçinelerine ve yol kirine karşı 9H sertlik seviyesinde korur. <strong>Seramik katkılı cila</strong> etkisiyle boyanızın ömrünü uzatır.</li>
    <li><strong>Kılcal Çizik Giderici ve Maskeleyici:</strong> Özel formülü, yıkama kaynaklı ince ve dairesel (hare) çiziklerin görünümünü doldurarak azaltır. Etkili bir <strong>araç çizik giderici</strong> gibi davranarak daha pürüzsüz ve kusursuz bir yüzey sunar. (Derin çizikleri tamamen yok etmez.)</li>
    <li><strong>Kuş Pisliği Koruması (Özel Etki):</strong> Yüzeye düşen kuş pisliklerinin boyaya zarar vermesini engeller ve belirli bir süre içinde (yaklaşık 3 gün) kurumuş pisliğin kolayca, toz gibi temizlenmesine yardımcı olur.</li>
    <li><strong>Kolay Uygulama ve Silme:</strong> <strong>Krem cila</strong> formülü sayesinde uygulama pedi ile kolayca sürülür ve bekleme süresi sonunda paketteki mikrofiber bez ile zahmetsizce silinir. Profesyonel olmayan kullanıcılar için bile idealdir.</li>
    <li><strong>Anti-Statik Yüzey:</strong> Uygulama sonrası yüzeyin daha az toz tutmasını sağlar, aracınız daha uzun süre temiz görünür.</li>
    <li><strong>UV Koruması ile Renk Solmasını Engeller:</strong> Güneşin soldurucu etkilerine karşı güçlü bir bariyer oluşturarak, özellikle koyu renkli araçlarda boyanın canlılığını korur, <strong>araba güneş yanığı</strong> etkilerini minimize eder.</li>
</ul>
<p><strong>Altın Oran Seramik Cila</strong> Sio3 Pro, aracına <strong>en iyi seramik cila</strong> deneyimini yaşatmak isteyenler ve <strong>araç seramik kaplama</strong> alternatifi arayanlar için mükemmel bir seçimdir.</p>","<h2>Sio3 Pro Hibrit Krem Cila Nasıl Uygulanır? Adım Adım Kılavuz:</h2>
<p>Mükemmel <strong>parlaklık</strong> ve maksimum <strong>boya koruma</strong> için aşağıdaki adımları izleyin:</p>
<ol>
    <li><strong>Hazırlık (Çok Önemli):</strong> Aracınızı detaylı bir şekilde yıkayın (gerekirse kil veya demir tozu temizliği yapın) ve tamamen kurulayın. Yüzeyin serin ve gölgede olduğundan emin olun. İyi bir <strong>araç yıkama</strong>, <strong>oto cila</strong> uygulamasının temelidir.</li>
    <li><strong>Uygulama:</strong> Paket içeriğindeki özel uygulama pedine az miktarda (nohut tanesi kadar) <strong>krem cila</strong> alın. Ürünü panel panel (örneğin önce kaput, sonra bir kapı) ince ve eşit bir katman halinde dairesel veya düz hareketlerle yayın. Çok fazla ürün kullanmaktan kaçının.</li>
    <li><strong>Bekleme (Kuruma Süresi):</strong> Ürünün yüzeyde hafifçe puslu (mat) bir görünüm almasını bekleyin. Bu süre hava koşullarına bağlı olarak genellikle 5-10 dakikadır. Parmağınızla hafifçe sildiğinizde temiz bir iz kalıyorsa, silmeye hazırdır.</li>
    <li><strong>Silme ve Parlatma:</strong> Paket içeriğindeki temiz ve kuru SUFF mikrofiber cila havlusunun bir yüzü ile ürün kalıntılarını nazikçe silin. Ardından havlunun temiz diğer yüzü ile yüzeyi son kez silerek derin parlaklığı ortaya çıkarın. Bu, <strong>araba cilası</strong> uygulamasının en keyifli kısmıdır!</li>
    <li><strong>Kürleşme ve Etki:</strong> Su iticilik (hidrofobik etki) yaklaşık 10-20 dakika içinde aktifleşmeye başlar. Maksimum dayanıklılık ve <strong>oto boya koruma</strong> etkisi için, uygulama sonrası aracınızı ilk 24 saat sudan (yağmur dahil) korumanız ve mümkünse 7 gün boyunca yıkamamanız tavsiye edilir.</li>
</ol>
<p><strong>Paket İçeriği:</strong> 200 gr Altın Oran Sio3 Pro Hibrit Cila, Özel Uygulama Pedi, 1 Adet SUFF Alman Malı Mikrofiber Cila Havlusu (40x40 cm).</p>","images/p67y3zp.webp","altin-oran-sio3-pro-seramik-wax-carnauba-wax-krem-cila-boya-koruma-cizik-giderici-9h-200gr","Altınoran Sio3 Pro Hibrit Cila: Seramik wax dayanıklılığı & Carnauba wax parlaklığı bir arada! ✨ Üstün su iticilik, UV koruma & kılcal çizik giderme. Uzun süreli boya koruma. Şimdi keşfedin!"
"Altınoran Kristal Seramik Cila Hızlı Cila Krem Cila 350 ML 40*40 cila havlusu","<p>ALTIN ORAN KRİSTAL SERAMİK CİLA 350 GR<br><strong>En gelişmiş Teknolojimiz olan Kristal Seramik Cila</strong><br><br>Yüksek oranda SiO2 içerir. Geliştirilmiş formülü, 18 aya kadar direnç ve uzun vadeli dayanıklılık sağlar. Yüksek oranda SiO2 Teknolojisine sahip, hızlı ve kolayca uygulanabilen koruyucu bir üründür. Yüksek renk derinliği ve inanılmaz bir parlaklık sağlar. Yüzeyi üstün düzeyde pürüzsüz hale getirir.</p><h3>Altın Oran Kristal Seramik Cila 350 gr</h3><p>En gelişmiş teknolojimiz olan Kristal Seramik Cila, yüksek oranda SiO2 içerir. Geliştirilmiş formülü, 18 aya kadar direnç ve uzun vadeli dayanıklılık sağlar. Yüksek oranda SiO2 teknolojisine sahip, hızlı ve kolayca uygulanabilen koruyucu bir üründür. Yüksek renk derinliği ve inanılmaz bir parlaklık sağlar. Yüzeyi üstün düzeyde pürüzsüz hale getirir.</p><p><a href=""https://www.trendyol.com/altinoran/altin-oran-kristal-seramik-cila-hizli-cila-krem-cila-350-ml-p-772504435?boutiqueId=61&amp;merchantId=115573"">Ürünü Trendyol'dan Satın Al</a></p><h2>Özellikler</h2><ul><li><strong>Yüksek SiO2 İçeriği:</strong> Yüksek oranda SiO2 içeren formülasyon.</li><li><strong>Uzun Vadeli Dayanıklılık:</strong> 18 aya kadar direnç sağlar.</li><li><strong>Kolay Uygulama:</strong> Hızlı ve kolayca uygulanabilir.</li><li><strong>Yüksek Renk Derinliği:</strong> Aracınıza yüksek renk derinliği ve parlaklık kazandırır.</li><li><strong>Pürüzsüz Yüzey:</strong> Yüzeyi üstün düzeyde pürüzsüz hale getirir.</li></ul><h2>Kullanım Talimatları</h2><ol><li>Aracınızı temizleyin ve kuru bir bezle kurulayın.</li><li>Ürünü eşit miktarda uygulayın.</li><li>Temiz bir mikrofiber bezle cilayı yüzeye yedirin.</li><li>En iyi sonuç için güneş ışığından uzak, serin bir ortamda uygulayın.</li></ol>","<p><strong>UYGULAMA ŞEKLİ:</strong><br><br><strong>MAKİNE İLE UYGULAMA:</strong> Aracı yıkayın, kurulayın ve gölgede kaporta soğuk olmalıdır. Cila süngeri ile kaportaya boşluk olmayacak şekilde uygulama yapınız. Sürülen bölgede 45 dakika ile 1 saat bekledikten sonra polisaj makinesi ile uygulama yapınız. Polisaj makinesi cilanın fazlasını alacaktır. Size göndereceğimiz havlu ile parlatma işlemi yapınız.<br><br><strong>EL İLE UYGULAMA:</strong> Aracı yıkayın, kurulayın ve gölgede kaporta soğuk olmalıdır. Bölgesel olarak mesela kaportayı 4 e bölün Cila süngeri ile kaportaya boşluk olmayacak şekilde uygulama yapınız. hiç bekleme yapmadan hızlı bir şekilde parlatma işlemi yapınız.<br><br><strong>DİKKAT EDİLMESİ GEREKEN HUSUS:</strong> El ile uygulamada cilanın kurumasına müsaade etmeden siliniz.</p>","images/6800b67007763.jpg","altinoran-kristal-seramik-cila-hizli-cila-krem-cila-350-ml-40-40-cila-havlusu","Altın Oran Kimya'nın şu ürünü=Altınoran Kristal Seramik Cila Hızlı Cila Krem Cila 350 ML"
"Altınoran Titanium Seramik wax Krem Cila 100 Gr ","<h2>Altınoran Titanium Ceramic Wax Krem Cila 100 Gr</h2><p>Aracınızın dış yüzeyini parlatmak, korumak ve ilk güneş yanıklarını hızlıca geçmek için ideal bir çözüm arıyorsanız; <strong>Altınoran Titanium Ceramic Wax Krem Cila 100 Gr</strong> tam size göre. İçeriğindeki doğal Carnauba, titanyum ve seramik katkıları ile aracınızın estetiğini ve dayanıklılığını artırır. Bu gelişmiş formül, <i>seramik wax ne işe yarar</i> sorusuna yanıt verirken, <i>ceramic wax titanium</i> teknolojisinin gücünü de ortaya koyar. Ayrıca, <i>altinoran titanium ceramic wax</i> ve <i>altın oran titanium ceramic wax 100 gr</i> ifadeleriyle öne çıkan bu ürün, hem <i>seramik cila</i> hem de <i>parlatıcı wax</i> arayışında olanlara premium bir bakım deneyimi sunar.</p><h2>Özellikler</h2><ol><li><strong>Titanyum ve Seramik Katkılı Formül</strong><br>- Klasik cilalardan farklı olarak, <i>seramik wax nedir</i> diye merak eden kullanıcıları tatmin edecek ileri teknolojiye sahip bir içeriğe sahiptir.<br>- Seramik ve titanyum bileşenleri, yüzeyde dayanıklı bir film tabakası oluşturarak <i>aracı güneş yanığından korumak</i> için ekstra direnç sağlar.</li><li><strong>Doğal Carnauba ve Renk Canlandırıcı Pigmentler</strong><br>- Doğal Carnauba, araç yüzeyine derin bir parlaklık kazandırır ve boyayı uzun vadede korur.<br>- Özellikle <i>gri araba güneş yanığı nasıl geçer</i> diyenler için, renk pigmentlerini canlandırarak kılcal çiziklerin ve hafif ton farklarının görünümünü azaltır.</li><li><strong>Yeni Başlamış Güneş Yanıklarını Kapatma ve Kılcal Çizik Giderme</strong><br>- <i>Araba güneş yanığına ne iyi gelir</i> sorusuna pratik bir çözüm sunar.<br>- Aracınızın verniğinde henüz oluşmaya başlamış güneş yanıklarını kapatabilir; daha ilerlemiş aşamalarda ise yayılmasını bir nebzeye kadar engeller.<br>- <i>Araç vernik yanığı giderme</i> işlemi için yüksek maliyetli uygulamalara başvurmadan önce deneyebileceğiniz, ekonomik ve hızlı bir yöntemdir.</li><li><strong>Nano Pro Teknolojisiyle Uzun Süreli Koruma</strong><br>- <i>En iyi seramik wax</i> arayışında olanların vazgeçilmez tercihidir.<br>- <strong>Nano Pro teknolojisi</strong>, su iticilik ve parlaklığı uzun süre muhafaza ederek <i>araba güneş yanığı koruma</i> seviyesini üst noktaya taşır.<br>- Yaz aylarında güneşin yoğun olduğu dönemlerde bile, boyanızın rengini korumaya yardımcı olur.</li><li><strong>Plastik ve Kauçuk Parçalarda İz Bırakmaz</strong><br>- <i>Seramik wax uygulama</i> esnasında trim, tampon veya plastik kısımlarda beyaz izler oluşturmaz.<br>- Komple oto bakımında ideal olup, hem renkli hem de mat yüzeylerde iz bırakmadan koruyucu tabaka oluşturur.</li><li><strong>Showroom Parlaklığı ve Yüksek Su İticilik</strong><br>- <i>Araba cilası</i> veya <i>pasta cila seramik</i> uygulamalarına ek olarak kullanabileceğiniz bu ürün, boyayı adeta ayna gibi yansıtır.<br>- Yağmur sonrası oluşan su lekelerini en aza indirerek <i>oto güneş yanığı</i> riskini azaltır.</li></ol><p><strong>Altınoran Titanium Ceramic Wax Krem Cila</strong>, yalnızca aracınıza parlaklık kazandırmakla kalmaz; aynı zamanda <i>ceramic wax</i>, <i>seramik cila</i> ve <i>altın oran ceramic wax</i> ifadeleriyle öne çıkan teknolojik altyapısıyla uzun ömürlü koruma sağlar. Ürünümüz, <i>titanyum seramik wax fiyatları</i> ve <i>seramik wax önerisi</i> arasında değerlendirme yapanlar için kaliteli ve güvenilir bir alternatif sunar.</p>","<h2>Kullanım Talimatları</h2><ol><li><strong>Ön Temizlik ve Hazırlık</strong><br>- Aracınızı mutlaka yıkayın ve kurulayın.<br>- <i>Aracınızda gri, beyaz veya koyu renk olması fark etmez</i>; bu cila, tüm renklerde etkili koruma ve parlaklık sağlar.<br>- Toz, çamur, kuş pisliği veya ağaç reçinesi gibi asidik maddeleri yüzeyde bırakmayın. (Bu maddeler zamanla vernik tabakasına zarar vererek <i>araba tavan güneş yanığı</i> gibi sorunları tetikleyebilir.)</li><li><strong>Uygulamayı Gölge Ortamda Yapın</strong><br>- <i>Araba güneş yanığı olmaması için ne yapmalı</i> derseniz, en önemli adım; gölgede çalışmaktır.<br>- Direkt güneş altında cila uygulamak, ürünün erken kurumasına ve eşit dağılmamasına yol açabilir.</li><li><strong>Cilayı İnce Tabaka Halinde Sürün</strong><br>- Kutu içeriğindeki mikrofiber süngere yeterli miktarda <strong>Altınoran Titanium Ceramic Wax Krem Cila</strong> alıp, dairesel hareketlerle aracın her paneline uygulayın.<br>- <i>Araç seramik wax</i> veya <i>seramik etkili wax</i> gibi ürünlerde aşırı miktar kullanmanıza gerek yoktur. Az, fakat ince ve eşit uygulama en iyi sonucu verir.</li><li><strong>Bekleme Süresi</strong><br>- Uygulama sonrasında, ürünün iyice kuruyup yüzeye bağlanması için yaklaşık <strong>1 saat</strong> bekleyin.<br>- Bu süreçte, <i>pasta cila seramik kaplama</i> seviyesine yakın bir koruyucu tabakanın oluşmasına zemin hazırlarsınız.</li><li><strong>Silme ve Parlatma</strong><br>- Kuruyan cilayı, kutu içeriğinde bulunan mikrofiber bezle dairesel hareketlerle silerek yüzeyden alın.<br>- Bu sayede, <i>kılcal çizikleri</i> kapatmış, parlak ve pürüzsüz bir bitiş elde etmiş olursunuz.<br>- Her paneli ışığa tutup kontrol edin; <i>kılcal çizik giderici</i> etkiyi gözle görülebilir şekilde fark edeceksiniz.</li><li><strong>Düzenli Bakım ve Tekrarlama</strong><br>- <i>Araba güneş yanığı giderici</i> özelliğiyle bu ürün, düzenli olarak uygulanırsa uzun vadede <i>vernik yanığı nasıl giderilir</i> sorusuna da önleyici bir cevap oluşturur.<br>- <i>Hızlı seramik cila</i> arayışında da iyi bir çözümdür; ancak maksimum etki için ortalama 2-3 ayda bir tekrarlama önerilir.<br>- Aracı yıkadıktan sonra kurulama yapmayı ihmal etmeyin. Bu, boyadaki su lekelerini önler ve koruyucu tabakayı muhafaza etmenize yardımcı olur.</li></ol>","images/6822e4b16962e.jpg","altinoran-titanium-seramik-wax-krem-cila-100-gr","Altın Oran Titanium Seramik Wax Krem Cila 100 Gr, aracınızın dış yüzeyine doğal carnauba, titanyum ve seramik katkılarıyla uzun ömürlü parlaklık kazandırır. Ürünümüz; titanium ceramic wax, seramik wax, ceramic wax titanium, altinoran titanium ceramic wax ve altın oran titanium ceramic wax 100 gr gibi ifadelerle arama sonuçlarında öne çıkarak, en iyi seramik cila deneyimini sunar. Ayrıca, seramik katkılı wax, parlatıcı wax, seramik wax cila ve altınoran titanyum wax arayanlara güvenilir bir çözüm sunar."
"Guard Auto Oto Hızlı Cila - Seramik Katkılı Sprey Cila","            <p class=""lead"">
                Aracınız için oto parlatma ve korumada devrim yaratan Guard Auto Seramik Katkılı Oto Hızlı Cila ile tanışın! Bu üstün formül, hızlı cila teknolojisini seramik dayanıklılığıyla birleştirerek, hem profesyonel sonuçlar arayan detay meraklıları hem de pratik araç parlatma çözümleri isteyenler için en iyi hızlı cila alternatiflerinden birini sunar. Eğer oto cila tavsiye veya araç hızlı cila önerisi arıyorsanız, doğru yerdesiniz.
            </p>

            <h3 class=""mt-4"">Neden Guard Auto Seramik Katkılı Hızlı Cila?</h3>
            <p>
                Piyasada birçok araç parlatıcı ve kaporta parlatıcı bulunsa da, Guard Auto benzersiz ""Altın Oran"" formülüyle öne çıkar. Tek bir 250 ml şişe ile tam 4 araca kadar uygulama yapabilir, her uygulamada 8 aya varan kalıcılık elde edersiniz. Bu, şişe başına toplamda 32 aya kadar koruma ve parlaklık anlamına gelir – hızlı cila fiyatları düşünüldüğünde inanılmaz bir değer! Araba cilası yorumlarında sıkça övgü alan bu ürün, araba parlatma işlemini keyifli hale getirir.
            </p>

            <h4 class=""mt-4"">Öne Çıkan Özellikler: İki Kat Etki!</h4>
            <ul>
                <li><strong>İki Kat Parlaklık:</strong> Aracınıza göz alıcı, derin ve ıslak cila benzeri bir parlaklık katar. Sadece bir araç boya parlatıcı değil, aynı zamanda estetik bir dokunuştur.</li>
                <li><strong>İki Kat Su İticilik:</strong> Nano seramik hibrit tanecikleri sayesinde yüzeyde oluşturduğu yüksek hidrofobik etki ile suyu ve kiri iter, aracınızın daha uzun süre temiz kalmasını sağlar. Yağmur damlaları boncuk boncuk akar gider.</li>
                <li><strong>İki Kat Kalıcılık:</strong> Tek uygulama ile 8 aya varan koruma sunarak sık sık araba hızlı cila yapma ihtiyacını azaltır.</li>
                <li><strong>İki Kat Koruma:</strong> Aracınızın boyasını güneşin UV ışınları, asit yağmurları, kuş pislikleri gibi dış etkenlere karşı korur. Bu sıvı cila, adeta bir kalkan görevi görür.</li>
                <li><strong>İki Kat Memnuniyet:</strong> Kolay uygulanabilirliği ve sunduğu sonuçlarla kullanıcı memnuniyetini garanti eder. En iyi oto cilası arayışınız burada son bulabilir.</li>
            </ul>

            <h3 class=""mt-4"">Teknolojisi ve Faydaları: Hızlı Cila Ne İşe Yarar?</h3>
            <p>
                Peki, Guard Auto hızlı cila ne işe yarar ve nasıl bu kadar etkilidir? Cevap, seramik katkılı gelişmiş formülünde yatıyor. pH 7 değeri ile tüm boyalı yüzeyler için güvenlidir ve renk/model ayırt etmeksizin tüm araçlarda kullanılabilir. Oluşturduğu görünmez seramik katman, geleneksel hızlı oto cilası ürünlerinden daha fazla dayanıklılık ve koruma sağlar; hafif bir seramik kaplama sıvısı etkisi yaratır. Yıkama sonrası suyun hızla akıp gitmesini sağlayarak kireç lekesi oluşumunu engeller. Hare bırakmayan (anti-haze) yapısıyla kusursuz bir araç cilası tavsiye ürünüdür. Oto cilası en iyisi arayanlar için idealdir.
            </p>

            <h3 class=""mt-4"">Kullanım Kolaylığı: Hızlı Cila Nasıl Uygulanır / Nasıl Kullanılır?</h3>
            <p>
                Araba boyası nasıl parlatılır diye düşünmenize gerek yok! Guard Auto sprey cila formatı sayesinde uygulama son derece basittir. İşte hızlı cila nasıl kullanılır sorusunun cevabı:
            </p>
            <ol>
                <li>Aracınızı detaylıca yıkayın ve temiz, kuru bir mikrofiber bezle kurulayın. Yüzeyin temiz ve serin olması önemlidir.</li>
                <li>Ürünü kullanmadan önce iyice çalkalayın.</li>
                <li>Araç hızlı cila ürününü doğrudan yüzeye veya temiz bir mikrofiber beze az miktarda püskürtün. (Panel panel çalışmak en iyi sonucu verir).</li>
                <li>Püskürttüğünüz araba sıvı cila'yı mikrofiber bez ile yüzeye nazikçe yayın ve yedirin.</li>
                <li>Beklemeden, temiz ve kuru başka bir mikrofiber bezle dairesel hareketlerle parlatarak son haline getirin.</li>
                <li>En iyi sonuçlar için direkt güneş ışığı altında veya sıcak yüzeylerde uygulamaktan kaçının.</li>
            </ol>
            <p>
                Bu adımları takip ederek, en iyi araba cilaları arasında gösterilen bu ürünle profesyonel kalitede sonuçlar elde edebilirsiniz. Guard Auto, hızlı cila tavsiye listelerinin ve oto hızlı cila tavsiye arayanların vazgeçilmezi olmaya aday! En iyi cila markası olma yolunda iddialı bir üründür.
            </p>","    <h4 class=""mt-4"">Pratik Kullanım: Guard Auto Oto Hızlı Cila Nasıl Uygulanır?</h4>
    <p>
        Hızlı cila nasıl kullanılır diye merak ediyorsanız, işlem oldukça basittir. İşte adımlar:
    </p>
    <ol>
        <li>
            <strong>Hazırlık:</strong> Aracınızı detaylıca yıkayıp kurulayın. Yüzeyin temiz, kuru ve serin olması hızlı cila uygulamasının etkinliği için önemlidir.
        </li>
        <li>
            <strong>Uygulama:</strong> Şişeyi çalkalayın. Guard Auto sprey cila'yı doğrudan temiz bir mikrofiber beze veya uygulama yapılacak panele az miktarda püskürtün.
        </li>
        <li>
            <strong>Yayma ve Parlatma:</strong> Araç hızlı cila ürününü bez ile yüzeye nazikçe yayın. Beklemeden, temiz ve kuru başka bir mikrofiber bezle dairesel hareketlerle son parlatmayı yapın. İşte bu kadar kolay!
        </li>
    </ol>
    <p>
        Bu basit adımlarla, hızlı oto cilası uygulamasını tamamlayarak aracınıza parlaklık ve koruma katabilirsiniz.
    </p>","images/li02bib.webp","guard-auto-oto-hizli-cila-seramik-katkili-sprey-cila","Guard Auto Oto Hızlı Cila ile tanışın! Seramik katkılı sprey cila formülü, aracınıza anında araç parlatıcı etkisi ve uzun süreli koruma sunar. Kolay oto parlatma için hemen deneyin!"
"Altın oran Gold Class Ceramic Wax 100 Gr","<p><strong>Altın oran Gold Class Ceramic Wax</strong> :<br><strong>ÖZELLİKLER</strong> :&nbsp;<br>Özel olarak geliştirilmiş Nano Teknoloji Formülü ile<br>Boyanın en derin yüzeyinde bile uzun ömürlü derin bir kaplama sağlar<br>Süper hidrofobik özelliği sayesinde suyun,kaporta ve cam yüzeyinden&nbsp;<br>Hızlı bir şekilde terk etmesini sağlar&nbsp;<br>Güneşin UV ışınlarından korur,<br>Güneş yanığı oluşumundan engeller<br>Metal kısımlar yanında,pilastik aksamlar ve cam yüzeylerdede uygulama yapabilirsiniz<br>Doğal koruyucu ve katı polimer koruyucuların zengin karışımından oluşan bir üründür,<br>Boyanın zenginliğini öne çıkarıp berrak,keskin yansımalar ve parlaklık sağlar.<br>Cam Yüzeye Uygulana Bilir.&nbsp;<br>Plastik Aksamlara ve Farlara uygulaya bilirsiniz.&nbsp;<br>Deri koruma olarak uygulana bilir.&nbsp;<br>Sertklik 6H Çizilmeye ve Güneşte kendi onarım özelliği Küş pisliğini 2 gün sonra toz şekline çevirir.&nbsp;<br>Çizilmelere karşı tam koruma sağlar.&nbsp;<br>Cam Su iticilik Olarak kullanılır. Nano özelliktedir. SIO3 Mol Silikon Carbit içermektedir.&nbsp;<br>Orbital makina ile uygulandığında Hare ve fırça çiziklerini %99 Doldurur ne solvent ile ne 14ph ürünlerle geri çıkarmamaktadır.&nbsp;<br>Uzun Kalıcı bir 3D Parlaklık Kazandırır. Aracınızın Boyasına Canlılık, parlaklık ve su iticilik 5 ile 12 ay koruma sağlar.<br>&nbsp;</p>","<p><strong>Altın oran Gold Class Ceramic Wax</strong> :<br><br><strong>UYGULAMA&nbsp;ŞEKLİ</strong> &nbsp;<br>Aracınızı güzel yıkayıp kuruladıktan sonra temiz yüzeye wax süngeri ile güzel yedirerek uygulayın.&nbsp;<br>Tam Parça olarak Ön kaputu Tamamen uyguladıktan sonra ve yan kapı tavan tam parça olarak uygulanmalı.&nbsp;<br>Yaklaşık 5 ile 10 dk bekleyiniz.Mikrofirber bez ile fazla bastırmadan siliniz.&nbsp;<br>Su iticilik yaklaşık 10dk ile 20 dk sonra tam olarak aktifleşecektir.&nbsp;</p>","images/66291fdf6db4c.webp","altin-oran-gold-class-ceramic-wax-100-gr","Altın Oran Kimya'nın şu ürünü=Altın oran Gold Class Ceramic Wax 100 Gr"
"Altınoran Ultra Hızlı Cila 500 ML","    <h3>Zamanınız Değerli, Aracınız da Öyle: Tanışacağınız En Pratik Hızlı Cila</h3>
    <p>Aracınıza o ilk günkü gibi derin bir parlaklık ve pürüzsüz bir dokunuş kazandırmak için saatlerinizi harcamanıza gerek yok. <strong>Altınoran Ultra Hızlı Cila</strong>, detailing dünyasının en pratik çözümünü sunmak için geliştirildi. Bu üstün formül, sıradan bir <strong>araba cilası</strong> değil; aracınızın boyasını besleyen, koruyan ve göz alıcı bir parlaklığa kavuşturan güçlü bir müttefiktir.</p>

    <h3>Neden Altınoran Ultra, Piyasadaki Diğerlerinden Farklı?</h3>
    <p>Bu ürün, ""hızlı"" kelimesinin hakkını sonuna kadar verir. Seramik (SiO2) katkılı gelişmiş teknolojisi sayesinde, uygulandığı andan itibaren yüzeyle bütünleşir ve anında fark edilen sonuçlar yaratır:</p>
    
    <ul>
        <li><strong>Anında Showroom Parlaklığı:</strong> Sadece püskürtün ve silin. Bu kadar basit! Özel formülü, boyanın rengini derinleştirir, kılcal çiziklerin görünümünü maskeler ve arkanızda ıslak görünümlü, kusursuz bir yüzey bırakır.</li>
        <li><strong>Olağanüstü Hidrofobik Etki:</strong> Uygulama sonrası yüzeyde oluşan kaygan tabaka, suyu ve kiri iter. Aracınız daha uzun süre temiz kalır ve yıkaması çok daha kolay hale gelir. Bu su iticilik etkisine hayran kalacaksınız.</li>
        <li><strong>Etkin Boya Koruma Kalkanı:</strong> Bu sadece bir <strong>sprey cila</strong> değil, aynı zamanda bir korumadır. Güneşin zararlı UV ışınlarına, asit yağmurlarına, kuş pisliğine ve yol kirine karşı dayanıklı bir bariyer oluşturarak aracınızın boya ömrünü uzatır.</li>
        <li><strong>Zahmetsiz ve Lekesiz Uygulama:</strong> Yoğun ovalama, bekleme süresi veya makine kullanımı gerektirmez. Herkesin saniyeler içinde profesyonel sonuçlar alabileceği şekilde tasarlanmıştır. Plastik aksamlarda leke bırakmaz.</li>
    </ul>
","    <h3>Sadece 3 Adımda Mükemmel Sonuç</h3>
    <ol>
        <li><strong>HAZIRLA:</strong> Uygulama yapılacak yüzeyin temiz, kuru ve serin olduğundan emin olun.</li>
        <li><strong>UYGULA:</strong> Ürünü doğrudan panele veya temiz bir mikrofiber beze 2-3 kez püskürtün ve nazikçe yüzeye yayın.</li>
        <li><strong>PARLAT:</strong> Beklemeden, temiz ve kuru başka bir mikrofiber bezle son parlatma işlemini yaparak mükemmel parlaklığa ulaşın.</li>
    </ol>
    
    <p><strong>Altınoran Ultra Hızlı Cila 500 ML</strong> ile aracınıza en iyi bakımı yaparken zamandan tasarruf edin. Profesyonel detailing sonuçlarını kendi garajınızın konforunda yaşayın ve aracınızın göz kamaştıran parlaklığının tadını çıkarın.</p>
","images/knjiwk6.webp","altin-oran-ultra-hizli-cila-500-ml","Aracınıza anında showroom parlaklığı kazandırın! Altınoran Ultra Hızlı Cila, seramik katkılı formülüyle üstün su iticilik ve boya koruma sağlar. Piyasadaki en pratik ve etkili cila deneyimi için hemen tıklayın!"
"Altınoran Susuz Motor Temizleme Spreyi 500ml - Hızlı, Etkili Yağ & Kir Sökücü","<div class=""container mt-4"">
    <h2 class=""mb-3"">Altınoran Susuz Motor Temizleyici: Motorunuz İçin Neden En İyisi?</h2>
    <p>Altınoran, piyasadaki sıradan bir <strong>motor temizleyici sprey</strong> değildir; motorunuza hak ettiği <strong>profesyonel</strong> bakımı en pratik yolla sunan, devrim niteliğinde bir çözümdür. Düzenli kullanım, genel <strong>motor bakımını</strong> destekler. İşte Altınoran'ı vazgeçilmez kılan özellikler:</p>

    <div class=""row align-items-center mb-4"">
        <div class=""col-md-7"">
            <h3><i class=""fas fa-tint-slash me-2""></i>Devrimci Susuz Teknoloji: Zamandan ve Sudan Tasarruf Edin</h3>
            <p>Artık <strong>motor yıkama</strong> zahmetine son! Su hortumu, kova veya özel yıkama alanlarına gerek kalmadan, Altınoran'ın <strong>su gerektirmeyen motor temizleyici</strong> formülü sayesinde motorunuzu her yerde temizleyebilirsiniz. İster garajınızda, ister otoparkta, hatta yol kenarında... Bu <strong>motor temizleme spreyi motorunuzun</strong> yüzeyini <strong>hızla</strong> ve kolayca parlatır. Bu <strong>pratik motor temizleme</strong> yöntemiyle hem değerli zamanınız size kalır hem de su kaynaklarımızı korumuş olursunuz. <strong>Kuru motor temizleme</strong> hiç bu kadar zahmetsiz olmamıştı!</p>
        </div>
        <div class=""col-md-5 text-center"">
            <img src=""images/altinoran-susuz-teknoloji-faydasi.webp""
                alt=""Su kullanmadan motor temizleyen Altınoran spreyi"" class=""img-fluid rounded shadow-sm mb-3"">
        </div>
    </div>

    <div class=""row align-items-center mb-4 flex-row-reverse"">
        <div class=""col-md-7"">
            <h3><i class=""fas fa-soap me-2""></i>Üstün Yağ ve Kir Sökme Gücü: İnatçı Lekelere Veda</h3>
            <p>Motorunuzda biriken o sinir bozucu yağ katmanları ve yapışkan yol kirleri artık kabusunuz olmasın! Altınoran, güçlü <strong>motor yağı sökücü</strong> ve <strong>kir çözücü</strong> formülüyle, ""<strong>motor üzerindeki inatçı yağ lekeleri nasıl çıkar?</strong>"" sorusuna en etkili cevabı verir. En zorlu kirleri bile yüzeyden nazikçe ayırır, en <strong>yağlı motor temizleme</strong> işlemlerinde dahi mükemmel sonuçlar sunar. Motor bloğunuzu ve diğer parçaları, etkili <strong>yağ arındırıcı</strong> özelliğiyle ilk günkü temizliğine kavuşturur.</p>
        </div>
        <div class=""col-md-5 text-center"">
            <img src=""images/altinoran-guclu-yag-sokucu-etki.webp""
                alt=""Altınoran motor temizleyici ile yağlı ve kirli motorun temizlenmesi""
                class=""img-fluid rounded shadow-sm mb-3"">
        </div>
    </div>

    <div class=""row align-items-center mb-4"">
        <div class=""col-md-7"">
            <h3><i class=""fas fa-shield-alt me-2""></i>Güvenli ve Çok Yönlü Kullanım: Hassas Yüzeylere Dost</h3>
            <p>Motor aksamınızın güvenliği önceliğimizdir. Altınoran <strong>güvenli motor temizleyici</strong>, doğru kullanıldığında motor bloğu, metal parçalar gibi dayanıklı yüzeylerin yanı sıra, hassas <strong>plastik aksamlar</strong> ve <strong>kauçuk yüzeyler</strong> için de uygundur. Bu sayede temizlik yaparken aynı zamanda <strong>motorunuzu koruma</strong> altına almış olursunuz. Hem <strong>benzinli motor temizleme</strong> hem de <strong>dizel motor temizleme</strong> işlemlerinde gönül rahatlığıyla kullanabilirsiniz. Aracınızın veya motosikletinizin motor aksamına zarar verme endişesi taşımanıza gerek yok! (<strong>Motor temizlerken nelere dikkat edilmeli</strong> konusunda daha fazla bilgi için <a href=""https://www.altinorankimya.com/blog/motor-temizleme-spreyi-nasil-kullanilir-ve-dikkat-edilmesi-gerekenler"">blog yazımıza</a> göz atabilirsiniz.)</p>
        </div>
        <div class=""col-md-5 text-center"">
            <img src=""images/altinoran-guvenli-kullanim-plastik-kaucuk.webp""
                alt=""Altınoran motor temizleyicinin plastik ve kauçuk yüzeylerde güvenli kullanımı""
                class=""img-fluid rounded shadow-sm mb-3"">
        </div>
    </div>

    <div class=""row align-items-center mb-4 flex-row-reverse"">
        <div class=""col-md-7"">
            <h3><i class=""fas fa-car-side me-2""></i><i class=""fas fa-motorcycle me-2""></i> Geniş Uygulama Alanı: Tek Sprey, Çoklu Çözüm</h3>
            <p>İster bir <strong>otomobil</strong> tutkunu, ister bir <strong>motosiklet</strong> sevdalısı olun, Altınoran sizin için ideal <strong>motor bakım spreyi</strong>dir. Arabalar, motosikletler, kamyonetler, scooterlar ve hatta çim biçme makinesi gibi bahçe ekipmanlarının motorlarında bile güvenle ve etkili bir şekilde temizlik sağlar. Özellikle <strong>motosiklet temizleme spreyi</strong> arayanlar için mükemmel bir alternatiftir. Sadece motor değil, genel <strong>kaput içi temizlik</strong> için de rahatlıkla kullanabilirsiniz.</p>
        </div>
        <div class=""col-md-5 text-center"">
            <img src=""images/altinoran-arac-motosiklet-uyumu.webp""
                alt=""Araba ve motosiklet motorlarında kullanılan Altınoran temizleyici sprey""
                class=""img-fluid rounded shadow-sm mb-3"">
        </div>
    </div>

    <div class=""row align-items-center mb-4"">
        <div class=""col-md-7"">
            <h3><i class=""fas fa-magic me-2""></i>Anında Göz Alıcı Parlaklık: Temizlik Sonrası Yeni Görünüm</h3>
            <p>Altınoran yalnızca temizlemekle kalmaz, motorunuza canlı ve <strong>parlak</strong> bir estetik kazandırır. Tıpkı bir <strong>motor parlatıcı sprey</strong> gibi işlev görerek, temizlik sonrası oluşan mat ve solgun görünümü yok eder. Motorunuzun daha yeni ve bakımlı görünmesini sağlayarak temizliğin tatmin edici sonucunu gözler önüne serer. <strong>Su kullanmadan motosiklet motoru nasıl parlatılır</strong> diye merak ediyorsanız, cevap Altınoran!</p>
        </div>
        <div class=""col-md-5 text-center"">
            <img src=""images/altinoran-parlak-gorunum-sonrasi.webp""
                alt=""Altınoran sprey sonrası temiz ve parlak motor görünümü"" class=""img-fluid rounded shadow-sm mb-3"">
        </div>
    </div>

    <div class=""row align-items-center mb-4 flex-row-reverse"">
        <div class=""col-md-7"">
            <h3><i class=""fas fa-spray-can me-2""></i>Kolay Uygulama & Ekonomik Boyut: Pratik ve Hesaplı</h3>
            <p>Ergonomik <strong>pratik sprey</strong> başlığı sayesinde ulaşılması en zor köşelere bile kolayca uygulama yapabilirsiniz. <strong>500 ml</strong>'lik <strong>ekonomik motor temizleyici</strong> boyutu, paranızın karşılığını fazlasıyla verir ve birden fazla kullanım imkanı sunar. Tek bir şişeyle defalarca <strong>motor temizlik</strong> işlemi gerçekleştirebilir ve düzenli <strong>motor bakımını</strong> zahmetsizce yapabilirsiniz.</p>
        </div>
        <div class=""col-md-5 text-center"">
            <img src=""images/altinoran-500ml-sprey-uygulama.webp""
                alt=""Altınoran 500ml motor temizleyici sprey şişesi ve kolay uygulama""
                class=""img-fluid rounded shadow-sm mb-3"">
        </div>
    </div>

</div>","<div class=""container mt-4"">
    <h2 class=""mb-3"">Altınoran Susuz Motor Temizleyici: Adım Adım Kolay Kullanım</h2>
    <p><strong>Motor temizleme spreyi kullanımı</strong> ile aracınızın veya motosikletinizin motorunu zahmetsizce yenilemek için aşağıdaki basit adımları takip edin ve <strong>profesyonel</strong> sonuçlar elde edin:</p>

    <ol class=""list-group list-group-numbered"">
        <li class=""list-group-item d-flex align-items-start"">
            <div class=""ms-2 me-auto"">
                <div class=""fw-bold"">1. Güvenlik ve Hazırlık</div>
                Her şeyden önce güvenlik! Motorunuzun <strong>tamamen soğuk olduğundan emin olun.</strong> Sıcak bir motora kesinlikle uygulama yapmayın. Spreyi kullanırken göz ve cilt temasından kaçının, gerekirse koruyucu eldiven ve gözlük kullanın. Kullanmadan önce Altınoran şişesini <strong>iyice çalkalayın.</strong>
            </div>
        </li>
        <li class=""list-group-item d-flex align-items-start"">
            <div class=""ms-2 me-auto"">
                <div class=""fw-bold"">2. Püskürtme Aşaması</div>
                Temizlemek istediğiniz <strong>motor yüzeyine</strong>, <strong>motor bloğuna</strong> veya yoğun kirli bölgelere spreyi yaklaşık <strong>20-25 cm mesafeden</strong> eşit bir şekilde püskürtün. Özellikle inatçı <strong>yağlı</strong> alanlara biraz daha cömert davranabilirsiniz.
            </div>
        </li>
        <li class=""list-group-item d-flex align-items-start"">
            <div class=""ms-2 me-auto"">
                <div class=""fw-bold"">3. Etki Etmesini Bekleyin</div>
                Altınoran'ın sihrini göstermesi için <strong>3 ila 5 dakika</strong> kadar bekleyin. Bu süre zarfında, <strong>etkili motor temizleyici</strong> formülü, kirleri ve yağları yüzeyden ayırarak çözmeye başlayacaktır. Çok inatçı lekeler için bekleme süresini birkaç dakika daha uzatabilirsiniz.
            </div>
        </li>
        <li class=""list-group-item d-flex align-items-start"">
            <div class=""ms-2 me-auto"">
                <div class=""fw-bold"">4. Silin ve Sonucu Görün</div>
                Temiz, kuru ve yumuşak bir <strong>mikrofiber bez</strong> yardımıyla, çözünen kirleri ve ürün kalıntılarını nazikçe silin. İnatçı lekeler için (gerekirse) metal olmayan yumuşak bir fırça ile hafifçe fırçalayabilirsiniz. Silme işlemi sonrası motorunuzun kazandığı temiz ve <strong>parlak</strong> görünüme hayran kalacaksınız!
            </div>
        </li>
    </ol>

    <div class=""alert alert-warning mt-4"" role=""alert"">
        <h4 class=""alert-heading""><i class=""fas fa-exclamation-triangle me-2""></i>Önemli Uyarı!</h4>
        <p>Hassas elektronik bileşenlere (sensörler, beyin vb.), açıkta kalan elektrik bağlantılarına ve distribütör gibi ateşleme sistemi parçalarına <strong>doğrudan sprey sıkmaktan kaçının.</strong> Bu bölgeleri uygulama öncesi koruma altına alabilir veya ürünü önce bir beze sıkarak bu alanları dikkatlice silebilirsiniz.</p>
        <hr>
        <p class=""mb-0"">Daha fazla ipucu, püf noktası ve detaylı bilgi için <a href=""https://www.altinorankimya.com/blog/motor-temizleme-spreyi-nasil-kullanilir-ve-dikkat-edilmesi-gerekenler"" target=""_blank"" class=""alert-link""><strong>Motor Temizleme Spreyi Nasıl Kullanılır ve Dikkat Edilmesi Gerekenler</strong></a> başlıklı blog yazımıza göz atmayı unutmayın!</p>
    </div>
</div>

<!-- Font Awesome ikonları için gerekli link (eğer sitenizde yoksa ekleyin) -->
<!-- <link rel=""stylesheet"" href=""https://cdnjs.cloudflare.com/ajax/libs/font-awesome/6.0.0/css/all.min.css"" integrity=""sha512-9usAa10IRO0HhonpyAIVpjrylPvoDwiPUiKdWk5t3PyolY1cOd4DSE0Ga+ri4AuTroPR5aQvXU9xC6qOPnzFeg=="" crossorigin=""anonymous"" referrerpolicy=""no-referrer"" /> -->","images/4pobkbg.webp","altinoran-susuz-motor-temizleme-spreyi-500ml-hizli-etkili-yag-kir-sokucu","Altın Oran Kimya'nın şu ürünü=Altınoran Susuz Motor Temizleme Spreyi 500ml"
"	Altınoran pH Nötr Demir Tozu Sökücü – Jant & Kaporta Temizleyici Sprey 500 ml","<!-- Ürün Genel Açıklaması -->
<h2>Aracınızda Biriken Demir Tozlarını Zahmetsizce Temizleyin</h2>
<p>
  <strong>Altınoran pH Nötr Demir Tozu Sökücü 500 ml</strong>, jant, kaporta ve
  fren balata bölgelerinde oluşan <em>demir tozu</em> ve <em>pas kalıntılarını</em>
  boyaya zarar vermeden söker. <br>
  Sprey başlığı sayesinde nokta atışı uygulama yapabilir, birkaç dakika içinde
  mor renkli reaksiyonu gözlemleyip kirleri kolayca durulayabilirsiniz.
</p>

<h3>Başlıca Özellikler</h3>
<ul>
  <li><strong>pH nötr formül</strong> – Vernik ve kaporta boyasıyla tam uyum.</li>
  <li><strong>Yüksek reaktivite</strong> – 3–5 dakikada mor dönüşüm, derin temizlik.</li>
  <li><strong>Çoklu kullanım</strong> – Jant, kaporta, fren kaliperi ve egzoz uçlarında güvenli.</li>
  <li><strong>Sprey ergonomisi</strong> – 500 ml’lik pratik şişe, homojen püskürtme.</li>
  <li><strong>Koku kontrolü</strong> – Keskin kimyasal kokuları minimuma indirir.</li>
</ul>

<h3>Kimler İçin İdeal?</h3>
<p>
  • “<em>En iyi demir tozu temizleyici</em>” arayan detay severler <br>
  • Jantlarında <em>balata tozu</em> biriken performans sürücüleri <br>
  • Kaportada <em>uçak ve tren tozu</em> lekeleri oluşan şehir içi kullanıcıları
</p>

<h3>Kullanım Talimatı (3 Adım)</h3>
<ol>
  <li>Araç gölgede ve soğukken ürünü kirli bölgeye püskürtün.</li>
  <li>Mor reaksiyon tamamen koyulaşınca yumuşak fırçayla hafifçe fırçalayın.</li>
  <li>Basınçlı suyla durulayıp yüzeyi kurulayın.</li>
</ol>

<h3>Daha Fazla Bilgi & Rehber</h3>
<p>
  • <a href=""/blog/demir-tozu-temizleyici-boyaya-zarar-verir-mi"">Demir tozu sökücü boyaya zarar verir mi?</a><br>
  • <a href=""/blog/araba-jant-temizligi-nasil-yapilir"">Araba jantı neyle temizlenir? Adım adım rehber</a><br>
  • <a href=""/blog/pasli-demir-nasil-temizlenir"">Paslı demir nasıl temizlenir? Ev & profesyonel çözümler</a>
</p>

<h3>Neden Altınoran?</h3>
<p>
  Türkiye genelinde <strong>290 TL ve üzeri siparişlerde ücretsiz kargo</strong>, <em>kredi kartına 12 taksit</em>
  ve yerli üretim kalite garantisiyle tam koruma sunuyoruz.
</p>","<!-- Kullanım Talimatı -->
<section id=""kullanim-talimat"" class=""mb-4"">
  <h2>Nasıl Kullanılır? – 4 Adımda Kusursuz Demir Tozu Temizliği</h2>

  <ol>
    <li>
      <strong>Ön Durulama:</strong> Soğuk yüzeye <em>basınçlı su</em> tutarak
      gevşek kirleri ve tozu uzaklaştırın. Bu adım, demir tozu
      temizleyicinin doğrudan metal partikülleriyle temasını kolaylaştırır.
    </li>
    <li>
      <strong>Ürünü Uygulama:</strong> <em>Altınoran pH Nötr Demir Tozu
      Sökücü</em>’yü şişeyi çalkaladıktan sonra 20-30&nbsp;cm mesafeden jant,
      kaporta ve fren aksamına bolca püskürtün. Mor renkli reaksiyon
      belirmeye başladığında kimyasal aktif hâle gelmiştir.
    </li>
    <li>
      <strong>Fırça ile Etkileştirme <small>(Opsiyonel ama Önerilir)</small>:</strong>
      İnce yüzeyli bölgelerde ürünün
      <a href=""https://www.altinorankimya.com/product.php?id=81""
         target=""_blank"" rel=""noopener"">Orta Boy Detay Fırçası</a> ile hafifçe
      çalışılması, <em>jant temizleyici sprey</em>in metal gözeneklerine
      derinlemesine nüfuz etmesini sağlar.
    </li>
    <li>
      <strong>Durulama &amp; Kurulama:</strong> Reaksiyon tamamen koyulaştığında
      basınçlı suyla yüzeyi iyice durulayın. Mikrofiber havlu ile kurulayarak
      su lekesi oluşumunu önleyin.
    </li>
  </ol>

  <!-- Önerilen Aksesuar -->
  <aside class=""d-flex align-items-center my-3 p-3 border rounded shadow-sm"">
    <img src=""https://www.altinorankimya.com/images/5ntcuj6.webp""
         alt=""Orta Boy Detay Fırçası – Jant ve Kaporta Temizlik Fırçası""
         width=""140"" height=""140"" class=""me-3"">
    <div>
      <h3 class=""h5 mb-1"">Temizlik Performansını Artırın:</h3>
      <p class=""mb-2"">
        <strong>Orta Boy Detay Fırçası</strong>, dar ve girintili alanlarda
        <em>demir tozu spreyi</em>nin etkisini en üst seviyeye taşır. Yumuşak
        sentetik kıllarıyla boyaya zarar vermeden etkili fırçalama sunar.
      </p>
      <a href=""https://www.altinorankimya.com/product.php?id=81""
         class=""btn btn-primary btn-sm"" target=""_blank"" rel=""noopener"">
        Fırçayı İncele →
      </a>
    </div>
  </aside>

  <p>
    <em>İpucu:</em> İşlem sonrası jant yüzeyine sentetik wax veya seramik
    kaplama uygulayarak demir tozu tutulumunu %70’e varan oranda
    azaltabilirsiniz.
  </p>
</section>
","images/alz94if.webp","altinoran-ph-notr-demir-tozu-sokucu-jant-kaporta-temizleyici-sprey-500-ml","Balata & demir tozunu mor reaksiyonla çözen pH nötr jant temizleyici. Boyaya zarar vermez, 500 ml sprey. Şimdi keşfedin!
"
"Altın Oran Lastik Parlatıcı ve Plastik Yenileyici Jel 200 ML","<p>Altın Oran Lastik Parlatıcı ve Pilastik Restöre Edici 200 ML, aracınıza üstün yenileme ve koruma sunan bir lastik parlatıcı jeldir. Bu özel formüle sahip ürün, lastik ve plastik aksamlara derin temizlik, yenileme ve uzun süreli koruma sunar. &nbsp;<br>&nbsp;</p><ul><li>Yenileme ve Koruma: Solmuş ve boyasız plastik parçaları orijinal görünümlerine kavuşturan, uzun süreli koruma sunar. &nbsp;</li><li>Geniş Uygulama Alanı: Tüm iç ve dış plastik parçalar üzerinde güvenle kullanılabilir. &nbsp;</li><li>Antistatik Formül: Su itici özelliği ve toz birikimini geciktirme yeteneğiyle, aracınıza uzun süre temiz bir görünüm verir. &nbsp;</li><li>Kolay Uygulama: Özel sünger hediyesiyle pratik ve kolay bir şekilde lastik ve plastik parçalarınıza yenileme ve parlaklık verir.</li><li>Faydalar: Aracınızdaki lastik ve plastik parçaları yenileyerek ilk günkü görünümünü korur, bakım aralıklarını azaltır, maliyet tasarrufu sunar. Sert ve rahatsız edici koku içermez, lastiğe zarar vermez.</li><li>Kullanım: Plastik parçaları temizleyip kurulayın, süngere 4-5 damla ürün alın, yüzeye eşit dağıtın, dış plastiklerde pH nötr şampuanla yıkayın.</li></ul>","<ol><li>Plastik parçaları bir temizleyiciyle temizleyin ve tamamen kurulayın. &nbsp;</li><li>Özel süngere 4-5 damla ürün uygulayın ve yüzeye eşit şekilde yayın. &nbsp;</li><li>Dış plastik parçalar için etkinliğin süresini uzatmak amacıyla pH nötr şampuanla yıkayın.</li></ol><p>&nbsp;</p>","images/661aa3810776f.webp","altin-oran-lastik-parlatici-ve-plastik-yenileyici-jel-200-ml","Altın Oran Lastik Parlatıcı ve Plastik Yenileyici Jel ile tanışın! Lastikleri parlatır, solmuş plastikleri yeniler. Uzun süreli koruma sağlar 200 ML"
"Lastik Parlatıcı ve Pilastik Restöre Edici 200 ML + Detay Fırcası","
    <h2>Altın Oran Lastik Parlatıcı ve Plastik Yenileyici Jel 200 ML: Kapsamlı Yenileme ve Koruma</h2>

    <p><strong>Altın Oran Lastik Parlatıcı ve Pilastik Restöre Edici 200 ML</strong>, aracınızın hem lastiklerine hem de plastik aksamlarına yeni bir hayat vermek için özel olarak formüle edilmiş, yüksek performanslı bir <strong>lastik parlatıcı jel</strong> ve <strong>plastik yenileyici</strong> çözümdür. Eğer ""lastiği ne parlatır"" veya ""araba lastiğini ne parlatır"" diye merak ediyorsanız, aradığınız cevap burada. Bu ürün, sadece bir <strong>lastik parlatıcı</strong> değil, aynı zamanda komple bir <strong>plastik aksam yenileyici</strong> görevi görür.</p>

    <h3>Lastikler İçin Derin Parlaklık ve Bakım</h3>
    <p>Piyasadaki <strong>en iyi lastik parlatıcı</strong> deneyimini sunmayı hedefleyen Altın Oran, standart <strong>oto lastik parlatıcı</strong> veya <strong>araba lastik parlatıcı</strong> ürünlerinden ayrışır. Özel <strong>lastik jeli</strong> formülü sayesinde, lastiklerinize derin, ıslak görünümlü ve <strong>kalıcı lastik parlatma</strong> etkisi sunar. Bu sadece bir <strong>teker parlatıcı</strong> veya <strong>tekerlek parlatıcı</strong> değil, aynı zamanda lastik yanaklarını besleyen bir <strong>lastik yanak parlatıcı</strong> ve bakım ürünüdür. Uygulaması kolaydır; ""araba lastiği nasıl parlatılır"", ""lastik nasıl parlatılır"" veya ""araç lastiği nasıl parlatılır"" gibi sorularınızın cevabını pratik bir şekilde sunar. Evde profesyonel sonuçlar almanızı sağlar; artık <strong>lastik parlatıcı yapımı</strong>, <strong>evde lastik parlatıcı yapımı</strong> veya <strong>el yapımı lastik parlatıcı nasıl yapılır</strong> gibi yöntemlerle uğraşmanıza gerek kalmaz. <strong>Lastik parlatıcı nasıl yapılır evde</strong> araştırmalarına son veren bu hazır çözüm, <strong>arap sabunu</strong> gibi geleneksel yöntemlerden çok daha etkili ve uzun ömürlüdür. Ürünümüz, sıkça sorulan <strong>lastik parlatıcı tavsiye</strong> arayışlarına güçlü bir yanıttır ve <strong>en iyi lastik parlatıcı markası</strong> olma yolunda iddialıdır. Aynı zamanda temel bir <strong>lastik temizleyici</strong> özelliği de göstererek yüzeyi uygulamaya hazırlar. Bu <strong>lastik cilası</strong> etkisiyle lastikleriniz korunur ve daha uzun süre temiz kalır. Bazı ürünler silikon içerirken (<strong>silikonlu lastik parlatıcı</strong>), Altın Oran'ın özel formülü lastiğe zarar vermeden parlaklık sağlar. <strong>Lastik parlatıcı fiyatları</strong> ve <strong>oto lastik parlatıcı fiyatları</strong> göz önüne alındığında, sunduğu performans ve koruma ile mükemmel bir değer sunar.</p>

    <h3>Plastik Aksamlar İçin Yenileme ve Canlandırma</h3>
    <p>Altın Oran, sadece lastikler için değil, aynı zamanda aracınızın iç ve dış <strong>plastik aksam</strong>ları için de mükemmel bir çözümdür. Güçlü bir <strong>plastik yenileyici</strong> olarak, güneşten veya zamanla <strong>solmuş plastik parlatma</strong> işlemini başarıyla gerçekleştirir. Özellikle <strong>siyah plastik parlatma</strong> konusunda etkilidir ve <strong>plastik tampon parlatıcı</strong> veya <strong>dodik parlatma</strong> gibi spesifik ihtiyaçları karşılar. Matlaşmış yüzeyler için idealdir; ""matlaşan plastik nasıl parlatılır"" veya ""plastik nasıl parlatılır"" sorularına cevap verir. Bu ürün, bir <strong>araç plastik parlatıcı</strong>, <strong>araba plastik parlatıcı</strong> ve <strong>oto plastik parlatıcı</strong> olarak tüm beklentileri karşılar. <strong>Araç içi plastik parlatıcı</strong> olarak torpido, kapı içleri gibi alanlarda güvenle kullanılabilirken, dış aksamlar için de (<strong>araç plastik yenileyici</strong>, <strong>araba plastik yenileyici</strong>, <strong>plastik aksam yenileyici</strong>) üstün performans sunar. Motosiklet sahipleri için de <strong>motosiklet plastik parlatıcı</strong> ve <strong>motosiklet grenaj parlatma</strong> amacıyla kullanılabilir. Bu ürün, aynı zamanda hafif bir <strong>plastik temizleyici</strong> ve <strong>plastik yüzey temizleyici</strong> görevi görerek, <strong>araç içi plastik temizleme</strong> işlemini kolaylaştırır. Yüzeye uygulandığında bir <strong>plastik cilası</strong> (<strong>plastik parlatici cila</strong> / <strong>plastik parlatıcı cila</strong>) etkisi yaratarak parlaklığı artırır ve koruma sağlar. </p>

    <h3>Koruma ve Yüzey İyileştirme</h3>
    <p>Altın Oran sadece parlatmakla kalmaz, aynı zamanda güçlü bir <strong>plastik koruyucu</strong> görevi de görür. Antistatik formülü sayesinde toz birikimini geciktirir ve su itici özelliği ile yüzeylerin daha uzun süre temiz kalmasını sağlar. Birçok kullanıcı ""plastik çizikleri nasıl giderilir"" veya ""çizilen plastik nasıl düzeltilir"" gibi sorunlarla karşılaşır. Altın Oran, derin çizikler için bir <strong>plastik çizik giderici</strong>, <strong>torpido çizik giderici</strong> veya <strong>plastik pasta cila</strong> olmasa da, <strong>solmuş plastik yenileme</strong> özelliği sayesinde yüzeyi canlandırarak ve rengi derinleştirerek <strong>araç içi plastik çizik giderici</strong>, <strong>siyah plastik çizik giderici</strong>, <strong>araba plastik çizik giderici</strong>, <strong>araç plastik çizik giderici</strong> veya <strong>plastik yüzey çizik giderici</strong> arayışında olanların karşılaştığı <em>hafif kusurların ve yüzeysel çiziklerin görünümünü iyileştirmeye</em> yardımcı olabilir. <strong>Şeffaf plastik çizik giderme</strong> veya <strong>plastik derin çizik giderme</strong> için özel ürünler gerekse de, bu ürün genel görünümü önemli ölçüde iyileştirir ve <strong>arabanın plastik aksamını parlatma</strong> işlemini tamamlarken koruyucu bir katman ekler.</p>

    <h3>Özellikler ve Faydalar (Orijinal Açıklamadan Alınmıştır):</h3>
    <ul>
        <li><strong>Yenileme ve Koruma:</strong> Solmuş ve boyasız plastik parçaları orijinal görünümlerine kavuşturur, uzun süreli koruma sunar.</li>
        <li><strong>Geniş Uygulama Alanı:</strong> Tüm iç ve dış <strong>plastik aksam</strong>lar üzerinde güvenle kullanılabilir.</li>
        <li><strong>Antistatik Formül:</strong> Su itici özelliği ve toz birikimini geciktirme yeteneğiyle, aracınıza uzun süre temiz bir görünüm verir.</li>
        <li><strong>Kolay Uygulama:</strong> Özel sünger hediyesiyle pratik ve kolay bir şekilde lastik ve <strong>plastik parlatma</strong> işlemini gerçekleştirerek yenileme ve parlaklık verir. Evde <strong>lastik parlatma evde</strong> kolaylığı sunar.</li>
        <li><strong>Faydalar:</strong> Aracınızdaki lastik ve plastik parçaları yenileyerek ilk günkü görünümünü korur, bakım aralıklarını azaltır, maliyet tasarrufu sunar. Sert ve rahatsız edici koku içermez, lastiğe zarar vermez.</li>
        <li><strong>Kullanım:</strong> Plastik parçaları temizleyip kurulayın, süngere 4-5 damla ürün alın, yüzeye eşit dağıtın, dış plastiklerde pH nötr şampuanla yıkayın.</li>
    </ul>

    <p>Altın Oran ile aracınızın hem lastiklerine hem de plastik aksamlarına hak ettiği bakımı yapın, yenileyin ve koruyun!</p>","<h3>Altın Oran Jel Nasıl Kullanılır? - Kolay Uygulama</h3>
<p>Aracınızın lastik ve plastik aksamlarında en iyi sonucu almak için aşağıdaki adımları takip edin:</p>
<ol>
    <li>
        <strong>Yüzey Hazırlığı:</strong> Uygulama yapacağınız <strong>plastik aksam</strong> veya lastik yüzeyini, uygun bir <strong>plastik temizleyici</strong> veya genel temizleyici kullanarak kir, toz ve kalıntılardan arındırın. Ardından yüzeyin tamamen kuru olduğundan emin olun. Temiz bir yüzey, <strong>plastik yenileyici</strong> jelin daha iyi tutunmasını sağlar.
    </li>
    <li>
        <strong>Ürün Uygulaması:</strong> Ürünle birlikte gelen özel uygulama süngerine 4-5 damla Altın Oran <strong>Lastik Parlatıcı</strong> ve <strong>Plastik Yenileyici Jel</strong>'den damlatın. Süngeri kullanarak ürünü yüzeye ince ve eşit bir katman halinde yayın. Bu işlem, hem <strong>lastik parlatma</strong> hem de <strong>plastik parlatma</strong> için geçerlidir.
    </li>
    <li>
        <strong>Dış Aksamlar İçin Ek Bakım:</strong> Özellikle aracın dışındaki <strong>plastik aksamlar</strong> (tampon, dodik vb.) için ürünün koruyucu etkisinin ve parlaklığının süresini uzatmak isterseniz, sonraki araç yıkamalarında pH nötr özellikte bir araç şampuanı kullanmanız tavsiye edilir.
    </li>
</ol>
<p>Bu basit adımlarla, aracınızın lastiklerini ve plastiklerini kolayca yenileyebilir ve koruma altına alabilirsiniz.</p>","images/661aa2afc43b4.webp","lastik-parlatici-ve-pilastik-restore-edici-200-ml-detay-fircasi","Altın Oran Kimya'nın şu ürünü=Lastik Parlatıcı ve Pilastik Restöre Edici 200 ML + Detay Fırcası"
"Altınoran Torpido Parlatıcı ve Araç Plastik Yenileyici (İç/Dış Trim) 200 ML","<h2>Altınoran Torpido Parlatıcı ve Plastik Yenileyici Ürün Özellikleri:</h2>
<ul>
    <li><strong>Çift Etki Gücü:</strong> Hem <strong>torpido parlatıcı</strong> hem de kapsamlı bir <strong>araç plastik yenileyici</strong> olarak formüle edilmiştir. Tek ürünle aracınızın birçok noktasında profesyonel bakım yapın.</li>
    <li><strong>Derinlemesine Parlaklık ve Yenileme:</strong> Matlaşmış ve <strong>solmuş plastik parlatma</strong> işlemi yaparak yüzeylere fabrika çıkışı canlılığını geri kazandırır. <strong>Plastik canlandırıcı</strong> etkisiyle ilk günkü görünümü yakalayın.</li>
    <li><strong>Geniş Kullanım Alanı:</strong> <strong>Araba torpido parlatıcı</strong> olarak kusursuz sonuç verirken, aynı zamanda kapı içleri, konsol gibi tüm <strong>araç içi plastik aksam parlatma</strong> işlemleri için idealdir. <strong>Motosiklet plastik aksam parlatıcı</strong> ihtiyacınızı da karşılar.</li>
    <li><strong>Dış Aksamda Üstün Koruma:</strong> Güneşten veya dış etkenlerden zarar görmüş <strong>siyah plastik tampon</strong>, marşpiyel ve <strong>dış trim yenileme</strong> için mükemmeldir. Etkili bir <strong>tampon plastik yenileyici</strong> ve <strong>dış plastik koruyucu</strong> olarak UV ışınlarına ve yıpranmaya karşı bariyer oluşturur. <strong>Siyah plastik parlatıcı</strong> etkisiyle derin, zengin bir renk tonu sağlar.</li>
    <li><strong>Çizik Görünümünü Azaltır:</strong> Yüzeyi besleyerek ve rengi canlandırarak, özellikle <strong>siyah plastik tampon çizik giderici</strong> veya <strong>araç kapı içi plastik çizik giderme</strong> çözümü arayanlar için ince çiziklerin ve kusurların görünümünü önemli ölçüde azaltmaya yardımcı olur. (Not: Derin çizikleri tamamen yok etmez, görünümü iyileştirir ve maskeler).</li>
    <li><strong>Anti-Statik ve Su İtici:</strong> Özel formülü sayesinde toz tutmaz, suyu ve kiri iter. Bu sayede <strong>oto plastik temizleyici</strong> kullanım sıklığını azaltır ve <strong>araç plastik aksam temizleyici</strong> sonrası yüzeyler daha uzun süre temiz kalır.</li>
    <li><strong>Uzun Süreli Kalıcılık:</strong> İç mekanlarda (torpido, kapı panelleri vb.) 12 aya kadar, dış <strong>plastik aksam</strong> üzerinde (tampon, trim vb.) ise 2 aya kadar kalıcı parlaklık ve koruma etkisi sunar. Adeta bir <strong>plastik yenileyici ve onarıcı kaplama</strong> görevi görür.</li>
    <li><strong>Kolay Uygulama & Kalite:</strong> <strong>Plastik yenileyici jel</strong> benzeri kıvamıyla kolayca uygulanır. <strong>Altınoran plastik parlatıcı</strong> kalitesiyle, <strong>en kaliteli torpido parlatıcı</strong> ve <strong>plastik yenileyici ve onarıcı</strong> ürün deneyimini yaşayın.</li>
</ul>","<h2>Ürün Nasıl Kullanılır? Adım Adım Uygulama:</h2>
<p>En iyi sonuçları almak ve <strong>araç torpido ve plastik aksam yenileyici</strong> etkisini tam olarak görmek için aşağıdaki adımları izleyin:</p>
<ol>
    <li><strong>Hazırlık:</strong> Uygulama yapılacak <strong>plastik yüzey</strong> (torpido, tampon, kapı içi, <strong>iç trim</strong> vb.) temiz ve tamamen kuru olmalıdır. İnatçı kirler için gerekirse önce hafif bir <strong>oto plastik aksam temizleyici</strong> kullanın ve kurulayın.</li>
    <li><strong>Uygulama:</strong> Ürünü temiz bir sünger veya uygulama pedine az miktarda dökün. Çok fazla ürün kullanmaktan kaçının.</li>
    <li><strong>Yayma:</strong> <strong>Plastik parlatıcı yenileyici</strong> olarak, ürünü yüzeye eşit ve ince bir katman halinde dairesel veya düz hareketlerle yayın. Tüm <strong>plastik aksam parlatıcı</strong> etkisini görmek için boşluk bırakmadığınızdan emin olun.</li>
    <li><strong>Bekleme:</strong> Ürünün <strong>plastik yüzey</strong> tarafından emilmesi ve aktifleşmesi için 3 ila 5 dakika bekleyin.</li>
    <li><strong>Silme ve Parlatma:</strong> Temiz, kuru ve tüy bırakmayan bir mikrofiber bez ile yüzeydeki fazla ürünü nazikçe silin ve son parlaklığı verin. İşte bu kadar! <strong>Araç plastik aksam parlatma</strong> ve <strong>trim yenileme</strong> işlemi tamamlandı.</li>
</ol>
<p><strong>İpucu:</strong> Düzenli kullanım, <strong>araç plastik koruyucu</strong> etkisini artırır ve plastiklerinizin ömrünü uzatır.</p>","images/6639f6256342d.webp","altinoran-torpido-parlatici-ve-arac-plastik-yenileyici-ic-dis-trim-200-ml","Altın Oran Kimya'nın şu ürünü=Torpido bakım solisyonu ve lastik yenileyici 200 ML"
"Altınoran Çok Amaçlı Leke Çıkarıcı Sprey 1000 ML","<h4><strong>ZEMİN VE HALI TEMİZLİĞİNDE</strong></h4><p>Halı, beton, epoxy, ahşap vs. zeminlerde ve&nbsp;durumlarda;zemin temizliğinde&nbsp;ev, fabrika, marketler, alışveriş merkezleri vs.&nbsp;yerlerde makine veya elde kullanılır.<br><br><strong>OTO SERVİS VE BAKIMINDA</strong></p><p>Koltuk,tavan,döşeme,arabaların dış yüzeylerinde jant ve cam temizliğinde<br>kullanılır.<br><br><strong>GIDA İŞLETMELERİ TEMİZLİĞİNDE</strong></p><p>Tezgah, bant, kasa, kanca makine, zemin vs. temizliğinde. Sanayide et kesimleri, süt işletmeleri, restoranlar, yemek fabrikaları, mezbahalar vs. temizliğinde derinlemesine kir çözmesi gibi kalıcı çözümler sunar.<br><strong>EV VE OFİS TEMİZLİĞİNDE</strong></p><p>Zemin temizliğinde ev, fabrika, marketler,alışveriş merkezleri vs. yerlerde makine veya elde kullanılır.<br><strong>SANAYİDE KULLANIMI</strong></p><p>Bakım, temizlik, yüzey hazırlama ve parça yıkamada kullanılır. Sanayide endüstriyel temizlik ve bakım işlerinde,püskürtme ve daldırma yöntemleriyle ayrıca yıkama sistemlerinde dozaj üniteleriyle kullanım uygundur.<br><strong>KOKU GİDERME VE DEZENFEKTEDE</strong></p><p>Çöp konteynırları, pazar yerleri, tuvalet vs. gibi koku üreten yerlerde ortama püskürtülür,bakteri oluşumunu durdurmak ve kokunun giderilmesini sağlar.</p>","<h4><strong>NASIL KULLANILIR?</strong></h4><p>Kirin yoğunluğuna baglı olarak su ile seyreltilerek kirli yüzeylere püskürtülür. Yoğun, yağlı ve kirli yüzeylerde direkt<br>püskürtülerek kullanılır. Daha sonra basınçlı su ya da bez ile silinerek durulanır.<br><br><strong>SANAYİDE KULLANIM YÖNTEMİ</strong></p><p>Sanayide parça temizliğinde kullanılabilir. Püskürtme ve daldırma yöntemi kirin yoğunluğuna göre uygulanabilir. Kesinlikle paslanmaya sebep olmaz.<br><br><strong>ÇAMAŞIR VE BULAŞIK MAKİNELERİNDE, CAM SİLMEDE KULLANIM YÖNTEMLERİ</strong></p><p>Çamaşır ve bulaşık makinelerinde deterjan gözüne dökülerek uygulanır. Cam temizliğinde minimum 1/20 sulandırılarak kullanılır.</p>","images/ehink9o.webp","altinoran-cok-amacli-leke-cikarici-sprey-1000-ml","Altın Oran Kimya'nın şu ürünü=1 Adet  Altın oran Leke Çıkarıcı 1000 ML"
"1 adet lastik parlatici 500 ML","<p>1 adet lastik parlatici 500 ML, aracınıza parlak ve korunaklı lastikler sunan bir spreydir. Bu ürün, lastiklerinize derin temizlik, parlaklık ve koruma sunar. &nbsp;<br>Parlak ve Korunaklı Lastikler: Ürün, lastiklerinize derin bir parlaklık verir ve onları çevre etkenlerine karşı korur. &nbsp;</p><ul><li>Çeşitli Uygulama Alanları: Aracın çeşitli kısımlarında da kullanılabilir, ancak esas olarak lastikler için tasarlanmıştır. &nbsp;</li><li>Doğal İçerikler: Doğal malzemelerle zenginleştirilmiş formül, lastiklere doğal bir görünüm verir. &nbsp;</li><li>Kolay ve Hızlı Uygulama: Sprayer tasarımı sayesinde kolay ve hızlı bir şekilde lastiklere püskürtebilir ve etkili bir şekilde dağıtabilirsiniz.</li><li>Faydalar: Lastiklerinizi yenileyerek parlak ve canlı bir görünüm verir, koruyucu özelliğiyle lastik ömrünü uzatır, kolay ve hızlı kullanım sunar. Lastik parlatıcısı, lastiğe zarar vermez.</li><li>Kullanım: Lastikleri temizleyip kurulayın, ürünü sprey olarak uygulayın, temiz bez veya süngerle eşit dağıtın, kurumaya bırakın.</li></ul><p>&nbsp;</p>","<ul><li>Yüzeyi mümkün olduğunca temizleyin. &nbsp;</li><li>Gerektiğinde temizlenmiş yüzeye sprey tekniğiyle uygulayın. &nbsp;</li><li>Ürünü mümkün olduğunca geniş bir alana yayın. &nbsp;</li><li>Tüm alanın kaplandığından emin olduktan sonra kurumaya bırakın.</li></ul>","images/pro-3Cv6ctkL.webp","1-adet-lastik-parlatici-500-ml","Altın Oran Kimya'nın şu ürünü=1 adet lastik parlatici 500 ML"
"1 adet torpido parlatıcı 500 ML","    <h2>Altın Oran Torpido & Plastik & Deri Parlatıcı Süt - İç/Dış Mekan Yenileyici</h2>

    <p>Aracınızın iç ve dış plastik aksamlarını, hatta deri koltuklarını ilk günkü canlılığına kavuşturmak artık çok kolay! Altın Oran Parlatıcı Süt, solmuş ve yıpranmış yüzeyleri derinlemesine beslemek, onlara doğal ve göz alıcı bir parlaklık kazandırmak ve UV ışınları gibi dış etkenlere karşı uzun süreli koruma sağlamak için özel olarak formüle edilmiştir. Tek bir ürünle aracınızın birçok farklı noktasında profesyonel sonuçlar elde edin.</p>

    <h3>Üstün Özellikler ve Sağladığı Faydalar:</h3>
    <ul>
        <li><strong>Çok Yönlü Uygulama:</strong> Aracınızın içindeki torpido, kapı panelleri, orta konsol, vinil kaplamalar gibi tüm plastik yüzeylerde ve dışındaki tamponlar, kapı çıtaları, ayna kapakları gibi boyasız plastik aksamlarda mükemmel sonuç verir.</li>
        <li><strong>Deri Yüzeylerde Etkili Bakım:</strong> Sadece plastik değil! Deri koltuklarınızı ve döşemelerinizi besler, yumuşatır, çatlamalara karşı korur ve deriye zarar vermeden doğal, hoş bir parlaklık kazandırır.</li>
        <li><strong>Doğal ve Yağsız Parlaklık:</strong> Uygulandığı yüzeylerde yapışkan veya aşırı yağlı bir tabaka bırakmaz. Bunun yerine, orijinal görünüme yakın, satenimsi, derin ve doğal bir parlaklık oluşturur.</li>
        <li><strong>Koruma Kalkanı:</strong> Güneşin zararlı UV ışınlarının neden olduğu solma, kuruma ve çatlamalara karşı etkili bir koruma sağlar. Anti-statik özelliği sayesinde yüzeylerin daha geç tozlanmasına yardımcı olur.</li>
        <li><strong>Renkleri Canlandırır:</strong> Zamanla matlaşmış ve rengi solmuş plastik ve deri yüzeylerin pigmentlerini canlandırarak daha yeni ve canlı görünmelerini sağlar.</li>
        <li><strong>Etkileyici Kalıcılık:</strong> Formülündeki özel bileşenler sayesinde, aracınızın iç mekanında uygulandığında etkisini <strong>tam 2 aya kadar</strong> korur. Dış mekandaki zorlu koşullara maruz kalan plastiklerde ise <strong>20-25 güne varan</strong> kalıcılık sunar.</li>
        <li><strong>Kolay ve Hızlı Uygulama:</strong> Pratik süt formülü sayesinde bir bez veya sünger yardımıyla kolayca uygulanır, silinir ve anında sonuç verir. Zahmetsizce profesyonel bir görünüm elde etmenizi sağlar.</li>
        <li><strong>Hoş Koku (Opsiyonel):</strong> Uygulama sonrası aracınızın içinde ferah ve temiz bir koku bırakarak bakım deneyimini tamamlar. <em>(Eğer ürün kokuluysa bu madde geçerlidir)</em></li>
    </ul>

    <h3>Kullanım Talimatları:</h3>
    <ol>
        <li><strong>Yüzey Hazırlığı:</strong> Uygulama yapacağınız yüzeyin temiz, kuru ve serin olduğundan emin olun. Gerekirse uygun bir temizleyici ile yüzeyi kir ve tozdan arındırın.</li>
        <li><strong>Çalkalama:</strong> Kullanmadan önce ürünü iyice çalkalayın.</li>
        <li><strong>Uygulama:</strong> Temiz bir mikrofiber bez, uygulama süngeri veya ped üzerine az miktarda ürünü dökün.</li>
        <li><strong>Yayma:</strong> Ürünü yüzeye eşit ve ince bir katman halinde, dairesel veya düz hareketlerle yayın. Ürünün tüm alana temas ettiğinden emin olun.</li>
        <li><strong>Bekleme ve Son İşlem:</strong> Ürünün yüzeye işlemesi için birkaç dakika bekleyin. İstenilen parlaklık seviyesine göre, fazla ürünü almak veya daha mat bir görünüm için temiz ve kuru bir mikrofiber bezle yüzeyi nazikçe silebilirsiniz. Daha parlak bir sonuç için silmeden kurumaya bırakabilirsiniz.</li>
    </ol>

    <p>Altın Oran Torpido Parlatıcı Süt ile aracınızın iç ve dış detaylarına hak ettiği özeni gösterin. Solmuş yüzeylere veda edin, uzun süren parlaklık ve korumanın keyfini çıkarın!</p>
","    <h3>Kullanım Talimatları:</h3>
    <ol>
        <li><strong>Yüzey Hazırlığı:</strong> Uygulama yapacağınız yüzeyin temiz, kuru ve serin olduğundan emin olun. Gerekirse uygun bir temizleyici ile yüzeyi kir ve tozdan arındırın.</li>
        <li><strong>Çalkalama:</strong> Kullanmadan önce ürünü iyice çalkalayın.</li>
        <li><strong>Uygulama:</strong> Temiz bir mikrofiber bez, uygulama süngeri veya ped üzerine az miktarda ürünü dökün.</li>
        <li><strong>Yayma:</strong> Ürünü yüzeye eşit ve ince bir katman halinde, dairesel veya düz hareketlerle yayın. Ürünün tüm alana temas ettiğinden emin olun.</li>
        <li><strong>Bekleme ve Son İşlem:</strong> Ürünün yüzeye işlemesi için birkaç dakika bekleyin. İstenilen parlaklık seviyesine göre, fazla ürünü almak veya daha mat bir görünüm için temiz ve kuru bir mikrofiber bezle yüzeyi nazikçe silebilirsiniz. Daha parlak bir sonuç için silmeden kurumaya bırakabilirsiniz.</li>
    </ol>","images/cs62u7h.webp","1-adet-torpido-parlatici-500-ml","Altın Oran Kimya'nın şu ürünü=1 adet torpido parlatıcı 500 ML"
"1 adet banyo fayans 1000 ML","<p><strong>Altın Oran Fayans ve Banyo 1000 ML</strong><br>Fayans ve Banyo;Kirin ve Kirecin yoğunluğuna göre yüzeye direk uygulanır<br>durulanarak temizlik bitirilir.<br>Yan yüzeylerde kullanıma hazır solüsyon temizlik bezi veya sünger ya da püskürtme mekanizmalı şişeden elle spreylenerek de kullanılabilir.<br>Fayans Ve Derz Temizliği: Kir ve kireç kalıntısı yoğunluğuna göre direkt olarak kolay kullanım şişesi sayesinde&nbsp;<br>kirli yüzeye yayarak kirlilik oranına göre uygulama yapılır,&nbsp;<br>ıslak bir bez,sünger veya fırça yardımı ile temizlenir.&nbsp;<br>ardından bol su ile durulanır.&nbsp;<br>Derz ve fayansların kimyasal yapısını bozmadan hoş koku ve uzun süreli hijyen sağlar.<br>Altın oran BANYO FAYANS DERZ TEMİZLEYİCİ Evlerimizde birçoğumuzun korkulu rüyası banyolarda ya da mutfaklarda fayans ya da derz aralarında birikmiş olan kirleri temizlemektir.&nbsp;<br>Sıradan temizleyici ürünleri bu işlemi gerçekleştirmek konusunda genelde yardımcı olmaz.&nbsp;<br>Böyle işlemler için daha güçlü ve daha kaliteli bir temizlik ürününe ihtiyaç duyulur.&nbsp;<br>İşte bu ürün de Altın oran banyo fayans derz temizleyici olarak karşımıza çıkıyor.&nbsp;<br>Altın oran Banyo Fayans Derz Temizleyici Ne İşe Yarar? Bu ürün banyolarında fayansların ve derzlerin arasında, duşakabinin, muslukların, bataryaların ya da armatürlerin üzerinde birikmiş olan kirleri temizlemek konusunda oldukça etkili bir üründür.&nbsp;<br>Yani yalnızca Altın oran banyo fayans derz temizleyici kullanarak bile normalde temizlemenin mümkün olmadığı kirleri rahatça Altın oran mizleyebilirsiniz.&nbsp;<br>Aynı zamanda bu ürün temizlik sırasında fayansların üzerindeki sır tabakasına ya da derzlere zarar vermez.&nbsp;<br>Böylelikle hem temiz bir ortama sahip olmuş olur, hem de süreci sorunsuz bir şekilde atlatmış olursunuz. Eğer banyonuzda ya da mutfaklarınızda sabun artığı, deterjan artığı, vücut yağı kalıntıları ve pas oluşuyorsa, banyo fayans derz temizleyici sayesinde tüm bunların üstesinden kolayca gelebilirsiniz. Banyo Fayans Derz Temizleyici&nbsp;</p>","<p><strong>Nasıl Kullanılır&nbsp;</strong><br>Bu ürünü uygulamadan önce tek dikkat etmeniz gereken tek şey, ürünün uygulanacağı alanın kuru olmasıdır.&nbsp;<br>Ürünü önce temizleyeceğiniz alana püskürtmeli ve iyice fırçaladıktan sonra yaklaşık olarak 5 dakika beklemelisiniz.&nbsp;<br>Bekleme işlemi de tamamlandıktan sonra yüzeyi durulayabilirsiniz.&nbsp;<br>Aynı zamanda bu ürün içerisinde kimyasal barındırdığı için, ürünü kullanırken eldiven kullanmanız önerilmektedir.&nbsp;<br><strong>Ürünü uygulayabileceğiniz diğer alanlar ise şunlardır:</strong>&nbsp;<br>Kalebodur, küvet, klozet, duşakabin, pvc ve cam.&nbsp;<br>Türkiye’nin neresinde olursanız olun, işinizi kolaylaştıracak ve tüm pisliklerden kolayca kurtulmanızı sağlayacak olan bu ürüne kolayca sahip olabilirsiniz.&nbsp;<br>Çünkü Altın oran fayans ve derz temizleyici, istediğiniz adrese, istediğiniz miktarda kargolanabilmektedir. Bu sayede herhangi bir fiziki mağazaya gitmeden de bu ürüne sahip olabilirsiniz.&nbsp;<br>Kullanacağınız bu ürün tamamen Altın oran Kimya güvencesi altındadır ve bir Altın oran Kimya markasıdır.&nbsp;<br>Bu yüzden ürünü söz konusu alanların tamamında, gönül rahatlığı ile ve istediğiniz şekilde kullanabilir, sonuçlarını görmeye başlayabilirsiniz.</p>","images/6ksteh5.webp","1-adet-banyo-fayans-1000-ml","Altın Oran Kimya'nın şu ürünü=1 adet banyo fayans 1000 ML"
"Altınoran Cilalı Oto Şampuan 1000ml (pH Nötr)","<!-- BODY İÇERİĞİ BAŞLANGICI -->

<div class=""container my-4""> <!-- Ana Kapsayıcı -->

    <!-- Ürün Başlığı Sayfanın H1'i Olmalı. Bu Alan Açıklama İçin -->
    <div class=""row mb-4"">
        <div class=""col-12 text-center"">
            <h2 class=""display-5 mb-3"" style=""color: #B8860B;"">✨ Altınoran pH Nötr Cilalı Oto Şampuanı (1L - Konsantre) ✨</h2>
            <p class=""lead"">Her Yıkamada Temizlik, Parlaklık ve Koruma Bir Arada!</p>
        </div>
    </div>

    <div class=""row align-items-center mb-5"">
        <div class=""col-lg-12"">
            <h3>Aracınız İçin Neden Vazgeçilmez?</h3>
            <p>Sıradan oto şampuanları sadece temizler, hatta bazen aracınızın değerli cila veya seramik katmanına zarar verebilir. Altınoran Cilalı Oto Şampuanı ise özel formülüyle çok daha fazlasını sunar! Bu <strong class=""text-primary"">yüksek performanslı</strong> ürün, aracınızı kirlerden arındırırken aynı zamanda yüzeye <strong class=""text-success"">göz alıcı bir parlaklık</strong> ve <strong class=""text-info"">ekstra koruma katmanı</strong> ekler.</p>
            <ul class=""list-unstyled"">
                <li class=""mb-2""><i class=""fas fa-check-circle text-success me-2""></i> pH Nötr: Mevcut wax, sealant ve seramik kaplamalara zarar vermez.</li>
                <li class=""mb-2""><i class=""fas fa-check-circle text-success me-2""></i> Wax Katkılı: Yıkama sırasında parlaklık ve hidrofobi (su iticilik) sağlar.</li>
                <li class=""mb-2""><i class=""fas fa-check-circle text-success me-2""></i> Konsantre Formül: Az miktarla çok sayıda yıkama imkanı sunar, ekonomiktir.</li>
                <li class=""mb-2""><i class=""fas fa-check-circle text-success me-2""></i> Etkili Temizlik: Zorlu kir ve lekeleri nazikçe söker.</li>
                <li class=""mb-2""><i class=""fas fa-check-circle text-success me-2""></i> Tüm Boyalara Uygun: Her renk ve tip araç boyasında güvenle kullanılabilir.</li>
            </ul>
        </div>
    </div>

    <div class=""row"">
        <!-- Özellikler Bölümü -->
        <div class=""col-md-7 mb-4"">
            <div class=""card h-100 shadow-sm"">
                <div class=""card-body"">
                    <h3 class=""card-title text-center mb-4""><i class=""fas fa-star text-warning me-2""></i>Öne Çıkan Özellikler</h3>
                    <ul>
                        <li><strong>Cilalı / Wax Katkılı Formül:</strong> Her yıkamada aracınıza <strong style=""color: #e67e22;"">showroom parlaklığı</strong> kazandırır ve suyun yüzeyden akıp gitmesini kolaylaştırır.</li>
                        <li><strong>pH Nötr Denge:</strong> Değerli <strong style=""color: #2980b9;"">boya koruma</strong> katmanlarınız (wax, sealant, seramik kaplama) için %100 güvenlidir. Rengi matlaştırmaz, korumayı sökmez.</li>
                        <li><strong>Konsantre ve Ekonomik:</strong> Yoğun formülü sayesinde <strong style=""color: #27ae60;"">1 Litre ile onlarca yıkama</strong> yapabilirsiniz. Az ürünle maksimum performans!</li>
                        <li><strong>Derinlemesine Temizlik:</strong> Yol kiri, kuş pisliği, çamur gibi günlük kirleri boyanıza zarar vermeden <strong style=""color: #c0392b;"">etkili bir şekilde</strong> çözer ve temizler.</li>
                        <li><strong>Kolay Durulanma:</strong> Yüzeyde <strong style=""color: #8e44ad;"">kalıntı veya leke bırakmadan</strong> kolayca durulanır, kurulama işlemini kolaylaştırır.</li>
                        <li><strong>UV Koruması (Destekleyici):</strong> Güneşin zararlı UV ışınlarının boya üzerindeki olumsuz etkilerini <strong style=""color: #d35400;"">azaltmaya yardımcı</strong> olur, rengin canlılığını korur.</li>
                         <!-- Eğer köpük makinesi uyumu varsa eklenebilir:
                         <li><strong>Yoğun Köpük Performansı (Opsiyonel):</strong> Köpük yapıcı aparatlarda (Foam Lance/Cannon) kullanıma uygundur, yoğun ve kalıcı köpük oluşturur.</li>
                         -->
                    </ul>
                </div>
            </div>
        </div>

        <!-- Uygulama Alanı Görseli (Yapay Zeka - ÜRÜNSÜZ) -->
        <div class=""col-md-5 mb-4 d-flex align-items-center"">
            <div class=""text-center w-100"">
                <!-- YAPAY ZEKA PROMPT: Generate a visually appealing, slightly dynamic image suitable for a product page. Show a luxurious car (e.g., dark blue or metallic grey) being washed using the bucket method. Focus on rich, thick white soap suds clinging to the car's surface, dripping slightly. Sunlight reflecting off the wet, soapy paint. Include a washing mitt moving across the panel. Clear indication of a high-quality wash, conveying lubricity and cleaning power. No specific product bottle visible. -->
                <img src=""images/32253523452345.webp"" class=""img-fluid rounded shadow-sm mb-3"" alt=""Altınoran Cilalı Oto Şampuanı ile yıkanan parlak ve köpüklü araba"">
                <p class=""fst-italic text-muted"">Bol köpük, nazik temizlik, parlak sonuç...</p>
            </div>
        </div>
    </div>

    <!-- Nasıl Kullanılır? Bölümü -->
    <div class=""alert alert-info shadow-sm"" role=""alert"">
        <h3 class=""alert-heading""><i class=""fas fa-info-circle me-2""></i>Nasıl Kullanılır? (Kova Yöntemi)</h3>
        <ol>
            <li>Aracınızın gölgede ve yüzeyinin serin olduğundan emin olun.</li>
            <li>Yıkama kovasına <strong style=""color: #16a085;"">sadece 2-3 kapak (yaklaşık 30-50ml)</strong> Altınoran Cilalı Oto Şampuanı ekleyin.</li>
            <li>Kovayı tazyikli su ile doldurarak şampuanın iyice köpürmesini sağlayın. (Ayrı bir durulama kovası kullanmanız önerilir - Çift Kova Yöntemi).</li>
            <li>Temiz bir yıkama eldiveni veya süngeri köpüklü suya daldırın.</li>
            <li>Aracı <strong style=""color: #2980b9;"">yukarıdan aşağıya doğru</strong>, paneller halinde yıkayın. Eldiveni sık sık durulama kovasında temizleyin.</li>
            <li>Yıkama işlemi bitince aracı <strong style=""color: #e67e22;"">yukarıdan aşağıya doğru bol su</strong> ile iyice durulayın. Şampuan kalıntısı kalmadığından emin olun.</li>
            <li>Kaliteli bir mikrofiber kurulama havlusu ile aracınızı nazikçe kurulayın ve ortaya çıkan parlaklığın keyfini çıkarın!</li>
        </ol>
        <!-- Eğer köpük makinesi ile uyumluysa eklenecek not:
        <p class=""mt-3 mb-0""><strong class=""text-primary"">Köpük Makinesi (Foam Lance) ile Kullanım:</strong> Aparatınızın haznesine yaklaşık 100ml şampuan ekleyip üzerini su ile tamamlayarak kullanabilirsiniz (Oranları kendi aparatınıza göre ayarlayınız).</p>
        -->
        <hr>
        <p class=""mb-0""><strong class=""text-danger"">Uyarı:</strong> Ürünü direkt güneş ışığı altında veya sıcak yüzeylerde uygulamayın. Ürünün yüzeyde kurumasına izin vermeyin.</p>
    </div>

    <!-- Paketleme & Hacim Görseli (Yapay Zeka - ÜRÜNLÜ) -->
     <div class=""text-center my-5"">
         <!-- YAPAY ZEKA PROMPT: Create a simple, clean graphic for an e-commerce site showcasing the volume of the 'Altınoran Cilalı Oto Şampuanı 1000ml'. Feature the product bottle (Reference image fidelity is crucial!) next to a stylish graphic element indicating '1000 ML' or '1 Litre'. Maybe include a background graphic suggesting multiple washes (e.g., faded car icons or water drops). Minimalist and informative. -->
        <img src=""images/2745637648.webp"" class=""img-fluid rounded"" style=""max-width: 400px;"" alt=""Altınoran Cilalı Oto Şampuanı 1000 ML Ekonomik Boyut"">
     </div>

    <!-- Neden Altınoran? & Kapanış -->
    <div class=""card text-center shadow-lg border-warning mb-4"">
         <div class=""card-header bg-warning text-dark"">
             Neden Altınoran Cilalı Oto Şampuanı?
        </div>
        <div class=""card-body"">
             <p class=""card-text"">Çünkü Altınoran, aracınızın sadece temiz görünmesini değil, aynı zamanda <strong style=""color: #e74c3c;"">korunmasını ve ışıldamasını</strong> hedefler. pH Nötr formülü, wax katkısı ve konsantre yapısı ile hem aracınız hem de bütçeniz için akıllı bir seçimdir. Standart şampuanların ötesinde bir yıkama deneyimi yaşayın!</p>
         </div>
    </div>

</div> <!-- Ana Kapsayıcı Sonu -->

<!-- BODY İÇERİĞİ BİTİŞİ -->","<p>Aracınızın boyasına ve yapılan cilalara üstün koruma sağlar. Koruyucu cilasına zarar vermez Tuz ve Fosfat içermez Ph derecesi otomobil yüzeyine ve insan cildine zarar vermez. Konsantre içeri ile az bir miktar ile otonuzu yıkamaya olanak sağlar Çıkmayan zor kirleri, zengin köpüğü ile kolayca çıkarır. Boyanın rengini daha çok ortaya çıkarmak için özel katkılar ve optik parlatıcıların birleşiminden oluşturulmuştur. Aracınıza temizliğine ek olarak parlaklık kazandırır Çini, fayans, metal, cam, lastik, plastik, emaye, kapı yüzeyleri vb. yerlerde de rahatlıkla kullanılabilirsiniz. İçeriğindeki cila ile parlaklık ve koruma sağlar.</p>","images/vukdcys.webp","altinoran-cilali-oto-sampuani-oto-sampuani-1000ml-ph-notr","✨ Altınoran pH Nötr Cilalı Oto Şampuanı (1L) ile yıka & parla! Wax katkılı, konsantre formül kiri çözer, boyayı korur. Göz alıcı parlaklık için hemen keşfedin!"
"1 Adet Graphen Seramik kaplama 50 ML","<p>Nano Hızlı Boya Koruma,<br>Yüksek su ve yağ iticilik özelliği ile uygulanan yüzeyin temizlenmesinde pahalı temizlik ürünlerine ve uygulamalarına ihtiyaç duymadan kolayca temizlenmesini sağlar .<br>Yüzeye yüksek bir parlaklık verir. Kaporta, üzerindeki kaplama ile yüzey daha geç kirlenir, uygulanan yüzey üzerine yağ, çamur, toz gibi kirleticilerin yapışmasını geciktirir.<br>Otomobil kaportasını, güneş yanığından, kuş dışkısından ve benzeri yıpratıcı dış etkilerden korumaya yardımcı olur. Seramik katitesinde bir Nano boya koruma ürünüdür.<br>Yüksek kalitesi ile aracınızın yüzeyine 1 yıl süren eşsiz bir dayanıklılık, uzun ömürlük ve ultra parlaklıklık kazandırır.<br><br>* Nano Boya Koruma 50 ml<br><br>* Uygulama Pedleri, 5 adet<br><br>* Mikrofiber bez, 1 adet<br><br>* Parlatma bezi, 1 adet<br>&nbsp;</p>","<p>* Yüzey toz, kir, yağ ve sudan arındırılmış tamamen kuru olmalıdır.<br><br>* Uygulama + 8-10 derece alanlarda yapılmalıdır.<br><br>* Ürün ped ile yayılmalıdır<br><br>* Yüzey kuru mikrofiber bez ile parlatılır<br><br>* Kürleşme süresi 24 saattir.<br><br>&nbsp;</p>","images/gkfe6vx.webp","1-adet-graphen-seramik-kaplama-50-ml","Altın Oran Kimya'nın şu ürünü=1 Adet Graphen Seramik kaplama 50 ML"
"1 adet Altın oran Titanyum Cristal Ceramic 50 ML",,,"images/q0m04dl.webp","1-adet-altin-oran-titanyum-cristal-ceramic-50-ml","Altın Oran Kimya'nın şu ürünü=1 adet Altın oran Titanyum Cristal Ceramic 50 ML"
